Workbook

Sheet Nhập Hàng
C1: 46096
B2: Vốn | C2: Nhập | D2: Tặng | E2: Thành tiền
A3: Thanh cua trứng Mayo | B3: 13000 | C3: 23 | E3: =C3*B3 -> 299000
A4: 🧀Pate phô mai kéo sợi | B4: 13000 | C4: 12 | E4: =C4*B4 -> 156000
A5: 🐷Heo cao bồi xúc xích | B5: 13000 | C5: 12 | E5: =C5*B5 -> 156000
A6: 🐔Gà tomyum | B6: 13000 | C6: 10 | E6: =C6*B6 -> 130000
A7: 🐔 Gà teriyaki | B7: 13000 | C7: 10 | E7: =C7*B7 -> 130000
A8: 🐮Bò BBQ | B8: 13000 | C8: 25 | E8: =C8*B8 -> 325000
A9: 🦐Tôm đút lò | B9: 13000 | C9: 14 | E9: =C9*B9 -> 182000
A10: 🎏Cá ngừ | B10: 16000 | C10: 15 | E10: =C10*B10 -> 240000
A11: 🥘Chả cá xốt cay | B11: 13000 | C11: 5 | E11: =C11*B11 -> 65000
A12: 🌮 Trứng xúc xích mayo | B12: 13000 | C12: 15 | E12: =C12*B12 -> 195000
A13: 🍣Cá hồi mayo | B13: 13000 | C13: 20 | E13: =C13*B13 -> 260000
A14: 🌭 Xúc xích siêu phomai | B14: 13000 | C14: 139 | E14: =C14*B14 -> 1807000
A15: Tổng | C15: =SUM(C3:C14)+sum(D3:D14) -> 300 | E15: =SUM(E2:E14) -> 3945000
B17: Bán | C17: Nhập | D17: Tặng | E17: Thành tiền
A18: Thanh cua trứng Mayo | B18: 20000 | C18: 23 | E18: =C18*B18 -> 460000
A19: 🧀Pate phô mai kéo sợi | B19: 20000 | C19: 12 | E19: =C19*B19 -> 240000
A20: 🐷Heo cao bồi xúc xích | B20: 20000 | C20: 12 | E20: =C20*B20 -> 240000
A21: 🐔Gà tomyum | B21: 20000 | C21: 10 | E21: =C21*B21 -> 200000
A22: 🐔 Gà teriyaki | B22: 20000 | C22: 10 | E22: =C22*B22 -> 200000
A23: 🐮Bò BBQ | B23: 20000 | C23: 25 | E23: =C23*B23 -> 500000
A24: 🦐Tôm đút lò | B24: 20000 | C24: 14 | E24: =C24*B24 -> 280000
A25: 🎏Cá ngừ | B25: 22000 | C25: 15 | E25: =C25*B25 -> 330000
A26: 🥘Chả cá xốt cay | B26: 20000 | C26: 5 | E26: =C26*B26 -> 100000
A27: 🌮 Trứng xúc xích mayo | B27: 20000 | C27: 15 | E27: =C27*B27 -> 300000
A28: 🍣Cá hồi mayo | B28: 20000 | C28: 20 | E28: =C28*B28 -> 400000
A29: 🌭 Xúc xích siêu phomai | B29: 20000 | C29: 139 | E29: =C29*B29 -> 2780000
A30: Tổng | C30: =SUM(C18:C29)+sum(D18:D29) -> 300 | E30: =SUM(E17:E29) -> 6030000

Sheet Chi Phí
A2: Chi Phí
A4: Cố định | B4: Tổng CP | C4: Đơn giá | D4: Số lượng
D5: 46089 | E5: =D5+1 -> 46090 | F5: =E5+1 -> 46091 | G5: =F5+1 -> 46092 | H5: =G5+1 -> 46093 | I5: =H5+1 -> 46094 | J5: =I5+1 -> 46095 | K5: =J5+1 -> 46096 | L5: 46105
A6: Đồng phục | B6: =C6*sum(D6:L6) -> 1000000 | C6: 200000 | J6: 5
A7: Quầy Kệ | B7: =C7*sum(D7:L7) -> 7000000 | C7: 1000000 | D7: 3 | J7: 4
A8: Tờ Rơi | B8: =C8*sum(D8:L8) -> 0
A9: Túi mù | B9: =C9*sum(D9:L9) -> 0
A10: Lego | B10: =C10*sum(D10:L10) -> 0 | C10: 1000
A11: Lò vi sóng | B11: =C11*sum(D11:L11) -> 5100000 | C11: 1700000 | D11: 1 | F11: 1 | K11: 1
A12: Thùng đá | B12: =C12*sum(D12:L12) -> 1200000 | C12: 300000 | D12: 1 | E12: 1 | F12: 1 | K12: 1
A13: Lò vi sóng 3 | B13: =C13*sum(D13:L13) -> 1450000 | C13: 1450000 | L13: 1
A14: Lò vi sóng 2 | B14: =C14*sum(D14:L14) -> 1700000 | C14: 1700000 | F14: =L13 -> 1
A15: Lò vi sóng 1 | B15: =C15*sum(E14:L14) -> 1650000 | C15: 1650000 | D15: 1
A16: Túi nilon | B16: =C16*sum(D16:L16) -> 860000 | C16: 43000 | L16: 20
A17: Túi mù | B17: =C17*sum(D17:L17) -> 1240000 | C17: =1240000/L17 -> 620 | L17: 2000
B18: =SUM(B5:B17) -> 21200000

Sheet Giá NhậpXuất
A1: Giá
A3: STT | B3: Mặt Hàng | C3: Vốn | D3: Giá bán
A4: 1 | B4: Thanh cua trứng Mayo | C4: 13000 | D4: 20000
A5: 2 | B5: 🧀Pate phô mai kéo sợi | C5: 13000 | D5: 20000
A6: 3 | B6: 🐷Heo cao bồi xúc xích | C6: 13000 | D6: 20000
A7: 4 | B7: 🐔Gà tomyum | C7: 13000 | D7: 20000
A8: 5 | B8: 🐔 Gà teriyaki | C8: 13000 | D8: 20000
A9: 6 | B9: 🐮Bò BBQ | C9: 13000 | D9: 20000
A10: 7 | B10: 🦐Tôm đút lò | C10: 13000 | D10: 20000
A11: 8 | B11: 🎏Cá ngừ | C11: 13000 | D11: 22000
A12: 9 | B12: 🥘Chả cá xốt cay | C12: 13000 | D12: 20000
A13: 10 | B13: 🌮 Trứng xúc xích mayo | C13: 13000 | D13: 20000
A14: 11 | B14: 🍣Cá hồi mayo | C14: 16000 | D14: 20000
A15: 12 | B15: 🌭 Xúc xích siêu phomai | C15: 13000 | D15: 20000
B17: Chi phí/nắm | C17: =sum(C18:C21) -> 1233.3333
B18: Vận chuyển | C18: =100000/1200 -> 83.333333
B19: Quà | C19: 1000
B20: Túi | C20: 50
B21: Điện | C21: 100
B22: Đồ chơi | C22: 3450 | D22: 4099 | E22: 20000
B23: Túi Mù | D23: 1240

Sheet Lương NV
C2: Tuần 8/3 - 13/3
C3: T2 | D3: T3 | E3: T4 | F3: T5 | G3: T6 | H3: Lương/tuần
A4: Họ Tên | C4: 46090 | D4: =C4+1 -> 46091 | E4: =D4+1 -> 46092 | F4: =E4+1 -> 46093 | G4: =F4+1 -> 46094 | J4: 46097 | K4: =J4+1 -> 46098 | L4: =K4+1 -> 46099
A5: Phùng Hà My | B5: S | E5: 50 | G5: 70 | H5: =D6+E5+E6+F6+G5 -> 310
B6: C | D6: 50 | E6: 70 | F6: 70
A7: Ninh Thị Diệu Anh | B7: S | E7: 50 | H7: =D8+E7+F8 -> 170
B8: C | D8: 50 | F8: 70
A9: Hoàng Vân Anh | B9: S | E9: 50 | G9: 70 | H9: 310
B10: C | D10: 50 | E10: 70 | F10: 70
A11: Nguyễn Ánh Hồng | B11: S | H11: 100
B12: C | D12: 50 | F12: 50
A13: Nguyễn Tuấn Định | B13: S | H13: =D14+E14+F14+G14 -> 240
B14: C | D14: 50 | E14: 50 | F14: 70 | G14: 70
A15: Trịnh Thị Ngọc Minh | B15: S | F15: 50 | H15: =E16+F15+F16+G16 -> 240
B16: C | E16: 50 | F16: 70 | G16: 70
A17: Lưu Quỳnh Nga | B17: S | F17: 50 | H17: =F17 -> 50
B18: C
A19: Ngọc Ánh | B19: S | G19: 50 | H19: =G19+F20 -> 100
B20: C | F20: 50
A21: Tạ Thị Ngọc Hà | B21: S | G21: 50 | H21: =G21+F22 -> 100
B22: C | F22: 50
H23: =sum(H5:H22) -> 1620
A27: HV buổi đầu | I27: HV buổi 1,2 | J27: Làm xa | K27: Ca sáng gần | L27: Ca chiều gần
A29: Họ Tên | B29: Ca LV | C29: T2 | D29: T3 | E29: T4 | F29: T5 | G29: T6 | I29: T2 | J29: T3 | K29: T4 | L29: T5 | M29: T6 | O29: T2 | P29: T3 | Q29: T4 | R29: T5 | S29: T6
C30: 46090 | D30: =C30+1 -> 46091 | E30: =D30+1 -> 46092 | F30: =E30+1 -> 46093 | G30: =F30+1 -> 46094 | I30: 46097 | J30: 46098 | K30: 46099 | L30: =K30+1 -> 46100 | M30: =L30+1 -> 46101 | O30: 46104 | P30: =O30+1 -> 46105 | Q30: =P30+1 -> 46106 | R30: =Q30+1 -> 46107 | S30: =R30+1 -> 46108
A31: Phùng Hà My | B31: S | E31: TV | G31: CT | K31: 1 | Q31: 70 | T31: =O31+P31+Q31+R31+S31+O32+P32+Q32+R32+S32 -> 300
B32: C | D32: TV | E32: CT | F32: CT | J32: 1 | K32: 1 | L32: 1 | P32: 70 | Q32: 80 | R32: 80
A33: Ninh Thị Diệu Anh | B33: S | E33: TV | K33: 1 | Q33: 70 | T33: =O33+P33+Q33+R33+S33+O34+P34+Q34+R34+S34 -> 140
B34: C | D34: TV | F34: CT | L34: 1 | R34: 70
A35: Hoàng Vân Anh | B35: S | E35: TV | G35: CT | K35: 1 | Q35: 70 | T35: =O35+P35+Q35+R35+S35+O36+P36+Q36+R36+S36 -> 210
B36: C | D36: TV | E36: CT | F36: CT | J36: 1 | K36: 1 | L36: 1 | P36: 70 | Q36: 70
A37: Nguyễn Ánh Hồng | B37: S
B38: C | D38: TV | F38: TV
A39: Dương Tuấn Định | B39: S | I39: 1 | K39: 1 | O39: 70 | Q39: 70 | T39: =O39+P39+Q39+R39+S39+O40+P40+Q40+R40+S40 -> 350
B40: C | D40: TV | E40: TV | F40: CT | G40: CT | I40: 1 | K40: 1 | L40: 1 | O40: 70 | Q40: 70 | R40: 70
A41: Trịnh Thị Ngọc Minh | B41: S | F41: TV | I41: 1 | K41: 1 | L41: 1 | O41: 70 | Q41: 70 | R41: 70 | T41: =O41+P41+Q41+R41+S41+O42+P42+Q42+R42+S42 -> 350
B42: C | E42: TV | F42: CT | G42: CT | K42: 1 | L42: 1 | Q42: 70 | R42: 70
A43: Lưu Quỳnh Nga | B43: S | F43: TV | L43: 1 | M43: 1 | R43: 70 | S43: 70 | T43: =O43+P43+Q43+R43+S43+O44+P44+Q44+R44+S44+N44 -> 310
B44: C | I44: 1 | J44: 1 | N44: 50 | O44: 50 | P44: 70
A45: Ngọc Ánh | B45: S | G45: TV | M45: 1 | S45: 70 | T45: =O45+P45+Q45+R45+S45+O46+P46+Q46+R46+S46 -> 290
B46: C | F46: TV | J46: 1 | K46: 1 | L46: 1 | P46: 70 | Q46: 80 | R46: 70
A47: Tạ Thị Ngọc Hà | B47: S | G47: TV | J47: 1 | M47: 1 | P47: 70 | S47: 70 | T47: =O47+P47+Q47+R47+S47+O48+P48+Q48+R48+S48 -> 210
B48: C | F48: TV | J48: 1 | P48: 70
A49: Lưu Thị Mỹ Duyên | K49: 1 | M49: 1 | Q49: 50 | S49: 80 | T49: =O49+P49+Q49+R49+S49+O50+P50+Q50+R50+S50 -> 260
J50: 0 | K50: 1 | L50: 1 | P50: 0 | Q50: 50 | R50: 80
H51: NS làm sáng | I51: =I31+I33+I35+I37+I39+I41+I43+I45+I47 -> 2 | J51: =J31+J33+J35+J37+J39+J41+J43+J45+J47 -> 1 | K51: =K31+K33+K35+K37+K39+K41+K43+K45+K47 -> 5 | L51: =L31+L33+L35+L37+L39+L41+L43+L45+L47 -> 2 | M51: =M31+M33+M35+M37+M39+M41+M43+M45+M47 -> 3 | O51: =I55+I57+I59+I61+I63+I65+I67+I69+I71 -> 1 | P51: =J55+J57+J59+J61+J63+J65+J67+J69+J71 -> 1 | Q51: =K55+K57+K59+K61+K63+K65+K67+K69+K71 -> 4 | R51: =L55+L57+L59+L61+L63+L65+L67+L69+L71 -> 2 | S51: =M55+M57+M59+M61+M63+M65+M67+M69+M71 -> 3
H52: NS làm chiều | I52: =I32+I34+I36+I38+I40+I42+I44+I46+I48 -> 2 | J52: =J32+J34+J36+J38+J40+J42+J44+J46+J48 -> 5 | K52: =K32+K34+K36+K38+K40+K42+K44+K46+K48 -> 5 | L52: =L32+L34+L36+L38+L40+L42+L44+L46+L48 -> 6 | M52: =M32+M34+M36+M38+M40+M42+M44+M46+M48 -> 0 | O52: =I56+I58+I60+I62+I64+I66+I68+I70+I72 -> 4 | P52: =J56+J58+J60+J62+J64+J66+J68+J70+J72 -> 5 | Q52: =K56+K58+K60+K62+K64+K66+K68+K70+K72 -> 4 | R52: =L56+L58+L60+L62+L64+L66+L68+L70+L72 -> 2 | S52: =M56+M58+M60+M62+M64+M66+M68+M70+M72 -> 0
I53: T2 | J53: T3 | K53: T4 | L53: T5 | M53: T6 | O53: T2 | P53: T3 | Q53: T4 | R53: T5 | S53: T6
I54: 46097 | J54: 46098 | K54: 46099 | L54: =K54+1 -> 46100 | M54: =L54+1 -> 46101 | O54: 46097 | P54: 46098 | Q54: 46099 | R54: =Q54+1 -> 46100 | S54: =R54+1 -> 46101 | T54: Lương | U54: Ứng
A55: Phùng Hà My | K55: 1 | M55: 1 | Q55: 80 | S55: 70 | T55: =O55+P55+Q55+R55+S55+O56+P56+Q56+R56+S56-U55 -> 450 | U55: 0 | Z55: Xuân La | AA55: 70
I56: 1 | J56: 1 | K56: 1 | L56: 1 | O56: 80 | P56: 80 | Q56: 70 | R56: 70
A57: Ninh Thị Diệu Anh | K57: 1 | Q57: 70 | T57: =O57+P57+Q57+R57+S57+O58+P58+Q58+R58+S58-U57 -> 140 | U57: 0
L58: 1 | R58: 70
A59: Hoàng Vân Anh | K59: 1 | M59: 1 | Q59: 80 | S59: 70 | T59: =O59+P59+Q59+R59+S59+O60+P60+Q60+R60+S60-U59 -> 370 | U59: 0 | Z59: XĐ Sau | AA59: 70
I60: 1 | J60: 1 | K60: 1 | O60: 70 | P60: 80 | Q60: 70
A61: Nguyễn Ánh Hồng | T61: =O61+P61+Q61+R61+S61+O62+P62+Q62+R62+S62-U61 -> 150 | U61: 0
O62: 50 | P62: 50 | R62: 50
A63: Dương Tuấn Định
A65: Trịnh Thị Ngọc Minh | I65: 1 | L65: 1 | O65: 70 | Q65: 50 | R65: 70 | T65: =O65+P65+Q65+R65+S65+O66+P66+Q66+R66+S66-U65 -> 70 | U65: =O65+O66+Q65+Q66 -> 260
I66: 1 | K66: 1 | O66: 70 | Q66: 70
A67: Lưu Quỳnh Nga | J67: 1 | L67: 1 | P67: 70 | R67: 70 | T67: =O67+P67+Q67+R67+S67+O68+P68+Q68+R68+S68-U67 -> 280
I68: 1 | J68: 1 | O68: 70 | P68: 70
A69: Ngọc Ánh | K69: 1 | M69: 1 | Q69: 70 | S69: 80 | T69: =O69+P69+Q69+R69+S69+O70+P70+Q70+R70+S70-U69 -> 300 | U69: 0 | Z69: CN A | AA69: 60
J70: 1 | K70: 1 | P70: 80 | Q70: 70
A71: Tạ Thị Ngọc Hà | T71: =O71+P71+Q71+R71+S71+O72+P72+Q72+R72+S72-U71 -> 70 | U71: 0
J72: 1 | P72: 70
A73: Lưu Thị Mỹ Duyên | M73: 1 | S73: 80 | T73: =O73+P73+Q73+R73+S73+O74+P74+Q74+R74+S74-U73 -> 240 | U73: 0 | Z73: CN B | AA73: 70
I74: 1 | J74: 1 | O74: 80 | P74: 80
A75: Nguyễn Thị Kim Ngân | J75: 0 | K75: 1 | L75: 1 | M75: 1 | P75: 0 | Q75: 50 | R75: 70 | S75: 70 | T75: =O75+P75+Q75+R75+S75+O76+P76+Q76+R76+S76-U75 -> 340 | U75: 0
K76: 1 | L76: 1 | Q76: 80 | R76: 70 | Y76: CT từ chiều thứ 4 | Z76: Văn tiến dũng | AA76: 110
A77: Nguyễn Thị Chúc An | K77: 1 | Q77: 50 | T77: =O77+P77+Q77+R77+S77+O78+P78+Q78+R78+S78-U77 -> 50 | U77: 0
J78: 0 | P78: 0
A79: Lưu Doãn Hoài Nam | J79: 0 | K79: 1 | L79: 1 | M79: 1 | P79: 0 | Q79: 50 | R79: 80 | S79: 70 | T79: =O79+P79+Q79+R79+S79+O80+P80+Q80+R80+S80-U79 -> 420 | U79: 0
K80: 1 | L80: 1 | M80: 1 | Q80: 70 | R80: 80 | S80: 70 | Z80: Văn Tiến Dũng
I81: =I55+I57+I59+I61+I63+I65+I67+I69+I71+I73+I75+I77+I79 -> 1 | J81: =J55+J57+J59+J61+J63+J65+J67+J69+J71+J73+J75+J77+J79 -> 1 | K81: =K55+K57+K59+K61+K63+K65+K67+K69+K71+K73+K75+K77+K79 -> 7 | L81: =L55+L57+L59+L61+L63+L65+L67+L69+L71+L73+L75+L77+L79 -> 4 | M81: =M55+M57+M59+M61+M63+M65+M67+M69+M71+M73+M75+M77+M79 -> 6
I82: =I56+I58+I60+I62+I64+I66+I68+I70+I72+I74+I76+I78+I80 -> 5 | J82: =J56+J58+J60+J62+J64+J66+J68+J70+J72+J74+J76+J78+J80 -> 6 | K82: =K56+K58+K60+K62+K64+K66+K68+K70+K72+K74+K76+K78+K80 -> 6 | L82: =L56+L58+L60+L62+L64+L66+L68+L70+L72+L74+L76+L78+L80 -> 4 | M82: =M56+M58+M60+M62+M64+M66+M68+M70+M72+M74+M76+M78+M80 -> 1
H85: T2 | J85: T3 | L85: T4 | P85: T5
H86: S | I86: c | J86: S | K86: C | L86: S | N86: C | P86: S | R86: C
A87: VTD | H87: 90 | I87: 45 | J87: 90 | K87: 45 | L87: 100 | M87: Ngân,Nam | N87: 50 | O87: Nam | P87: 75 | Q87: Ngân | R87: 40 | S87: Ngân
A88: XL | H88: 70 | I88: 45 | K88: 40 | L88: 70 | M88: Ánh | N88: 40 | O88: Ngọc Minh | P88: 75 | Q88: Ngọc Minh | R88: 40 | S88: My
A89: XĐ Trc | I89: 30 | K89: 30 | L89: 40 | N89: 30 | O89: Ánh
A90: XĐ S | I90: 45 | J90: 69 | K90: 30 | N90: 49 | O90: Vân Anh + my | P90: 65 | Q90: Nga | R90: 30 | S90: Diệu Anh
A91: Cổ Nhuế B | I91: 45 | K91: 45 | L91: 70 | M91: My | N91: 40 | P91: 70 | Q91: CT
A92: đông ngạc | K92: 30 | L92: 50 | M92: Lịch
A93: Cổ Nhuế A | K93: 30 | L93: 60 | M93: Vân Anh, Chúc An | N93: 40 | O93: Ngân | P93: 60 | Q93: Nam | R93: 35 | S93: Nam
I95: T2 | J95: T3 | K95: T4 | L95: T5 | M95: T6 | O95: T2 | P95: T3 | Q95: T4 | R95: T5 | S95: T6
I96: 46111 | J96: =I96+1 -> 46112 | K96: 46112 | L96: =K96+1 -> 46113 | M96: 46114 | O96: =I96 -> 46111 | P96: =J96 -> 46112 | Q96: =K96 -> 46112 | R96: =L96 -> 46113 | S96: =M96 -> 46114
A97: Phùng Hà My | H97: s | K97: 1 | Q97: 80 | T97: =O97+P97+Q97+R97+S97+O98+P98+Q98+R98+S98 -> 240
H98: c | J98: 1 | K98: 1 | P98: 80 | Q98: 80
A99: Tống Thị Xuân Mai | T99: =O99+P99+Q99+R99+S99+O100+P100+Q100+R100+S100 -> 50
L100: 1 | M100: 1 | R100: 0 | S100: 50
A101: Hoàng Vân Anh | K101: 1 | Q101: 70 | T101: =O101+P101+Q101+R101+S101+O102+P102+Q102+R102+S102 -> 150
J102: 1 | P102: 80
A103: Anh Duy | J103: 1 | L103: 1 | N103: Duy | P103: 0 | R103: 80 | T103: =O103+P103+Q103+R103+S103+O104+P104+Q104+R104+S104 -> 210
J104: 1 | L104: 1 | P104: 50 | R104: 80
A105: Phạm Thu Hương | J105: 1 | P105: 50 | T105: =O105+P105+Q105+R105+S105+O106+P106+Q106+R106+S106 -> 190
I106: 1 | K106: 1 | M106: 1 | O106: 0 | Q106: 70 | S106: 70
A107: Trịnh Thị Ngọc Minh | L107: 1 | R107: 70 | T107: =O107+P107+Q107+R107+S107+O108+P108+Q108+R108+S108+N108 -> 330
J108: 1 | K108: 1 | L108: 1 | N108: 50 | P108: 70 | Q108: 70 | R108: 70
A109: Lưu Quỳnh Nga | N109: XĐ | R109: 70 | T109: =O109+P109+Q109+R109+S109+O110+P110+Q110+R110+S110 -> 140
...

Sheet Nhập hàng New
A1: Ngày Nhập | B1: Loại hàng | C1: Số lượng Nhập | D1: Thành Tiền | E1: Đơn giá | G1: Tặng | I1: Loại Hàng | J1: Tổng Nhập | K1: Đã Xuất | L1: Tồn kho tổng | M1: Trạng Thái
A2: 46103 | B2: ='Giá NhậpXuất'!B4 -> Thanh cua trứng Mayo | C2: 35 | D2: =C2*'Giá NhậpXuất'!$C$4 -> 455000 | E2: =D2/C2 -> 13000 | I2: Thanh cua trứng Mayo | J2: {=IF(I2:I13="",, SUMIF(B:B, I2:I13, C:C))} -> 1889 | K2: {=IF(I2:I13="",, SUMIF('Nhật ký bán hàng T3'!F:F, I2:I13, 'Nhật ký bán hàng T3'!H:H))} -> 253 | L2: {=IF(I2:I13="",, J2:J13 - K2:K13)} -> 1636 | M2: {=IF(L2:L13="",, IF(L2:L13<10, "🚨 NHẬP GẤP!", IF(L2:L13<15, "⚠️ SẮP HẾT", "✅ AN TOÀN")))} -> ✅ AN TOÀN
A3: 46103 | B3: ='Giá NhậpXuất'!B5 -> 🧀Pate phô mai kéo sợi | C3: 15 | D3: =C3*'Giá NhậpXuất'!C5 -> 195000 | E3: =D3/C3 -> 13000 | I3: 🧀Pate phô mai kéo sợi | J3: 1077 | K3: 132 | L3: 945 | M3: ✅ AN TOÀN
A4: 46103 | B4: ='Giá NhậpXuất'!B6 -> 🐷Heo cao bồi xúc xích | C4: 15 | D4: =C4*'Giá NhậpXuất'!C6 -> 195000 | E4: =D4/C4 -> 13000 | I4: 🐷Heo cao bồi xúc xích | J4: 955 | K4: 109 | L4: 846 | M4: ✅ AN TOÀN | O4: back | R4: treo | S4: treo
A5: 46103 | B5: ='Giá NhậpXuất'!B7 -> 🐔Gà tomyum | C5: 20 | D5: =C5*'Giá NhậpXuất'!C7 -> 260000 | E5: =D5/C5 -> 13000 | I5: 🐔Gà tomyum | J5: 952 | K5: 111 | L5: 841 | M5: ✅ AN TOÀN | O5: 300 lego | R5: 5 quầy | S5: 5 đồng phục
A6: 46103 | B6: ='Giá NhậpXuất'!B8 -> 🐔 Gà teriyaki | C6: 25 | D6: =C6*'Giá NhậpXuất'!C8 -> 325000 | E6: =D6/C6 -> 13000 | I6: 🐔 Gà teriyaki | J6: 1589 | K6: 179 | L6: 1410 | M6: ✅ AN TOÀN
A7: 46103 | B7: ='Giá NhậpXuất'!B9 -> 🐮Bò BBQ | C7: 40 | D7: =C7*'Giá NhậpXuất'!C9 -> 520000 | E7: =D7/C7 -> 13000 | I7: 🐮Bò BBQ | J7: 1833 | K7: 217 | L7: 1616 | M7: ✅ AN TOÀN
A8: 46103 | B8: ='Giá NhậpXuất'!B10 -> 🦐Tôm đút lò | C8: 22 | D8: =C8*'Giá NhậpXuất'!C10 -> 286000 | E8: =D8/C8 -> 13000 | I8: 🦐Tôm đút lò | J8: 1084 | K8: 121 | L8: 963 | M8: ✅ AN TOÀN
A9: 46103 | B9: ='Giá NhậpXuất'!B11 -> 🎏Cá ngừ | C9: 10 | D9: =C9*'Giá NhậpXuất'!C11 -> 130000 | E9: =D9/C9 -> 13000 | I9: 🎏Cá ngừ | J9: 863 | K9: 68 | L9: 795 | M9: ✅ AN TOÀN
A10: 46103 | B10: ='Giá NhậpXuất'!B12 -> 🥘Chả cá xốt cay | C10: 10 | D10: =C10*'Giá NhậpXuất'!C12 -> 130000 | E10: =D10/C10 -> 13000 | I10: 🥘Chả cá xốt cay | J10: 928 | K10: 80 | L10: 848 | M10: ✅ AN TOÀN
A11: 46103 | B11: ='Giá NhậpXuất'!B13 -> 🌮 Trứng xúc xích mayo | C11: 20 | D11: =C11*'Giá NhậpXuất'!C13 -> 260000 | E11: =D11/C11 -> 13000 | I11: 🌮 Trứng xúc xích mayo | J11: 1302 | K11: 125 | L11: 1177 | M11: ✅ AN TOÀN
A12: 46103 | B12: ='Giá NhậpXuất'!B14 -> 🍣Cá hồi mayo | C12: 10 | D12: =C12*'Giá NhậpXuất'!C14 -> 160000 | E12: =D12/C12 -> 16000 | I12: 🍣Cá hồi mayo | J12: 940 | K12: 85 | L12: 855 | M12: ✅ AN TOÀN
A13: 46103 | B13: ='Giá NhậpXuất'!B15 -> 🌭 Xúc xích siêu phomai | C13: 180 | D13: =C13*'Giá NhậpXuất'!C15 -> 2340000 | E13: =D13/C13 -> 13000 | I13: 🌭 Xúc xích siêu phomai | J13: 10202 | K13: 1113 | L13: 9089 | M13: ✅ AN TOÀN
C14: =sum(C2:C13) -> 402 | D14: =sum(D2:D13) -> 5256000
A15: =A2+1 -> 46104 | B15: Thanh cua trứng Mayo | C15: 35 | D15: =C15*'Giá NhậpXuất'!$C4 -> 455000 | E15: =D15/C15 -> 13000
A16: =A3+1 -> 46104 | B16: 🧀Pate phô mai kéo sợi | C16: 20 | D16: =C16*'Giá NhậpXuất'!$C5 -> 260000 | E16: =D16/C16 -> 13000
A17: =A4+1 -> 46104 | B17: 🐷Heo cao bồi xúc xích | C17: 15 | D17: =C17*'Giá NhậpXuất'!$C6 -> 195000 | E17: =D17/C17 -> 13000
A18: =A5+1 -> 46104 | B18: 🐔Gà tomyum | C18: 20 | D18: =C18*'Giá NhậpXuất'!$C7 -> 260000 | E18: =D18/C18 -> 13000
A19: =A6+1 -> 46104 | B19: 🐔 Gà teriyaki | C19: 25 | D19: =C19*'Giá NhậpXuất'!$C8 -> 325000 | E19: =D19/C19 -> 13000
A20: =A7+1 -> 46104 | B20: 🐮Bò BBQ | C20: 35 | D20: =C20*'Giá NhậpXuất'!$C9 -> 455000 | E20: =D20/C20 -> 13000
A21: =A8+1 -> 46104 | B21: 🦐Tôm đút lò | C21: 25 | D21: =C21*'Giá NhậpXuất'!$C10 -> 325000 | E21: =D21/C21 -> 13000
A22: =A9+1 -> 46104 | B22: 🎏Cá ngừ | C22: 10 | D22: =C22*'Giá NhậpXuất'!$C11 -> 130000 | E22: =D22/C22 -> 13000
A23: =A10+1 -> 46104 | B23: 🥘Chả cá xốt cay | C23: 10 | D23: =C23*'Giá NhậpXuất'!$C12 -> 130000 | E23: =D23/C23 -> 13000
A24: =A11+1 -> 46104 | B24: 🌮 Trứng xúc xích mayo | C24: 20 | D24: =C24*'Giá NhậpXuất'!$C13 -> 260000 | E24: =D24/C24 -> 13000 | I24: tôm | J24: 10
A25: =A12+1 -> 46104 | B25: 🍣Cá hồi mayo | C25: 15 | D25: =C25*'Giá NhậpXuất'!$C14 -> 240000 | E25: =D25/C25 -> 16000 | I25: hồi | J25: 6
A26: =A13+1 -> 46104 | B26: 🌭 Xúc xích siêu phomai | C26: 170 | D26: =C26*'Giá NhậpXuất'!$C15 -> 2210000 | E26: =D26/C26 -> 13000 | I26: bò | J26: 4
C27: =sum(C15:C26) -> 400 | D27: =sum(D15:D26) -> 5245000 | I27: gà yum | J27: 1
A28: 46105 | B28: Thanh cua trứng Mayo | C28: 40 | D28: =C28*'Giá NhậpXuất'!$C$4 -> 520000 | E28: =D28/C28 -> 13000 | I28: heo | J28: 1
A29: 46105 | B29: 🧀Pate phô mai kéo sợi | C29: 25 | D29: =C29*'Giá NhậpXuất'!$C$5 -> 325000 | E29: =D29/C29 -> 13000 | I29: gà terri | J29: 3
A30: 46105 | B30: 🐷Heo cao bồi xúc xích | C30: 20 | D30: =C30*'Giá NhậpXuất'!$C$6 -> 260000 | E30: =D30/C30 -> 13000
A31: 46105 | B31: 🐔Gà tomyum | C31: 25 | D31: =C31*'Giá NhậpXuất'!$C$7 -> 325000 | E31: =D31/C31 -> 13000
A32: 46105 | B32: 🐔 Gà teriyaki | C32: 32 | D32: =C32*'Giá NhậpXuất'!$C$8 -> 416000 | E32: =D32/C32 -> 13000
A33: 46105 | B33: 🐮Bò BBQ | C33: 45 | D33: =C33*'Giá NhậpXuất'!$C$9 -> 585000 | E33: =D33/C33 -> 13000
A34: 46105 | B34: 🦐Tôm đút lò | C34: 30 | D34: =C34*'Giá NhậpXuất'!$C$10 -> 390000 | E34: =D34/C34 -> 13000
A35: 46105 | B35: 🎏Cá ngừ | C35: 12 | D35: =C35*'Giá NhậpXuất'!$C$11 -> 156000 | E35: =D35/C35 -> 13000
A36: 46105 | B36: 🥘Chả cá xốt cay | C36: 12 | D36: =C36*'Giá NhậpXuất'!$C$12 -> 156000 | E36: =D36/C36 -> 13000
A37: 46105 | B37: 🌮 Trứng xúc xích mayo | C37: 25 | D37: =C37*'Giá NhậpXuất'!$C$13 -> 325000 | E37: =D37/C37 -> 13000 | N37: Tồn | O37: XL | R37: XĐ. Sau | S37: VTD | T37: CN A | U37: CN B | AA37: hàng mới | AB37: Tồn sáng | AC37: VTD | AD37: CN A
A38: 46105 | B38: 🍣Cá hồi mayo | C38: 15 | D38: =C38*'Giá NhậpXuất'!$C$14 -> 240000 | E38: =D38/C38 -> 16000 | L38: Thanh cua trứng Mayo | M38: 15 | N38: =M38-sum(O38:U38) -> 5 | S38: 5 | U38: 5 | X38: Thanh cua trứng Mayo | Y38: =AA38+AB38 -> 11 | AA38: 8 | AB38: ='Nhật ký bán hàng T3'!I734+'Nhật ký bán hàng T3'!I758 -> 3 | AC38: 7 | AD38: 4 | AE38: =Y38-AC38-AD38 -> 0
A39: 46105 | B39: 🌭 Xúc xích siêu phomai | C39: 220 | D39: =C39*'Giá NhậpXuất'!$C$15 -> 2860000 | E39: =D39/C39 -> 13000 | L39: 🧀Pate phô mai kéo sợi | M39: 10 | N39: =M39-sum(O39:U39) -> 2 | S39: 4 | U39: 4 | X39: 🧀Pate phô mai kéo sợi | Y39: =AA39+AB39 -> 2 | AA39: 2 | AB39: ='Nhật ký bán hàng T3'!I735+'Nhật ký bán hàng T3'!I759 -> 0 | AC39: 1 | AD39: 1 | AE39: =Y39-AC39-AD39 -> 0
C40: =sum(C28:C39) -> 501 | D40: =sum(D28:D39) -> 6558000 | L40: 🐷Heo cao bồi xúc xích | M40: 6 | N40: =M40-sum(O40:U40) -> 0 | S40: 3 | U40: 3 | X40: 🐷Heo cao bồi xúc xích | Y40: =AA40+AB40 -> 3 | AB40: ='Nhật ký bán hàng T3'!I736+'Nhật ký bán hàng T3'!I760 -> 3 | AC40: 1 | AD40: 2 | AE40: =Y40-AC40-AD40 -> 0
A41: =A39+1 -> 46106 | B41: Thanh cua trứng Mayo | C41: 20 | D41: =C41*'Giá NhậpXuất'!$C$4 -> 260000 | E41: =D41/C41 -> 13000 | L41: 🐔Gà tomyum | M41: 5 | N41: =M41-sum(O41:U41) -> 3 | S41: 2 | X41: 🐔Gà tomyum | Y41: =AA41+AB41 -> 3 | AB41: ='Nhật ký bán hàng T3'!I737+'Nhật ký bán hàng T3'!I761 -> 3 | AC41: 1 | AD41: 2 | AE41: =Y41-AC41-AD41 -> 0
A42: 46106 | B42: 🧀Pate phô mai kéo sợi | C42: 15 | D42: =C42*'Giá NhậpXuất'!$C$5 -> 195000 | E42: =D42/C42 -> 13000 | L42: 🐔 Gà teriyaki | M42: 15 | N42: =M42-sum(O42:U42) -> 5 | S42: 5 | U42: 5 | X42: 🐔 Gà teriyaki | Y42: =AA42+AB42 -> 2 | AB42: ='Nhật ký bán hàng T3'!I738+'Nhật ký bán hàng T3'!I762 -> 2 | AC42: 2 | AE42: =Y42-AC42-AD42 -> 0
A43: 46106 | B43: 🐷Heo cao bồi xúc xích | C43: 10 | D43: =C43*'Giá NhậpXuất'!$C$6 -> 130000 | E43: =D43/C43 -> 13000 | L43: 🐮Bò BBQ | M43: 15 | N43: =M43-sum(O43:U43) -> 3 | S43: 5 | U43: 7 | X43: 🐮Bò BBQ | Y43: =AA43+AB43 -> 4 | AA43: 1 | AB43: ='Nhật ký bán hàng T3'!I739+'Nhật ký bán hàng T3'!I763 -> 3 | AC43: 2 | AD43: 2 | AE43: =Y43-AC43-AD43 -> 0
A44: 46106 | B44: 🐔Gà tomyum | C44: 15 | D44: =C44*'Giá NhậpXuất'!$C$7 -> 195000 | E44: =D44/C44 -> 13000 | L44: 🦐Tôm đút lò | M44: 6 | N44: =M44-sum(O44:U44) -> 0 | S44: 3 | U44: 3 | X44: 🦐Tôm đút lò | Y44: =AA44+AB44 -> 0 | AB44: ='Nhật ký bán hàng T3'!I740+'Nhật ký bán hàng T3'!I764 -> 0 | AE44: =Y44-AC44-AD44 -> 0
A45: 46106 | B45: 🐔 Gà teriyaki | C45: 25 | D45: =C45*'Giá NhậpXuất'!$C$8 -> 325000 | E45: =D45/C45 -> 13000 | L45: 🎏Cá ngừ | M45: 5 | N45: =M45-sum(O45:U45) -> 2 | S45: 1 | U45: 2 | X45: 🎏Cá ngừ | Y45: =AA45+AB45 -> 1 | AB45: ='Nhật ký bán hàng T3'!I741+'Nhật ký bán hàng T3'!I765 -> 1 | AC45: 1 | AE45: =Y45-AC45-AD45 -> 0
A46: 46106 | B46: 🐮Bò BBQ | C46: 20 | D46: =C46*'Giá NhậpXuất'!$C$9 -> 260000 | E46: =D46/C46 -> 13000 | L46: 🥘Chả cá xốt cay | M46: 6 | N46: =M46-sum(O46:U46) -> 0 | S46: 4 | U46: 2 | X46: 🥘Chả cá xốt cay | Y46: =AA46+AB46 -> 0 | AB46: ='Nhật ký bán hàng T3'!I742+'Nhật ký bán hàng T3'!I766 -> 0 | AE46: =Y46-AC46-AD46 -> 0
A47: 46106 | B47: 🦐Tôm đút lò | C47: 20 | D47: =C47*'Giá NhậpXuất'!$C$10 -> 260000 | E47: =D47/C47 -> 13000 | L47: 🌮 Trứng xúc xích mayo | M47: 12 | N47: =M47-sum(O47:U47) -> 4 | S47: 4 | U47: 4 | X47: 🌮 Trứng xúc xích mayo | Y47: =AA47+AB47 -> 2 | AA47: 1 | AB47: ='Nhật ký bán hàng T3'!I743+'Nhật ký bán hàng T3'!I767 -> 1 | AC47: 0 | AD47: 1 | AE47: =Y47-AC47-AD47 -> 1
A48: 46106 | B48: 🎏Cá ngừ | C48: 10 | D48: =C48*'Giá NhậpXuất'!$C$11 -> 130000 | E48: =D48/C48 -> 13000 | L48: 🍣Cá hồi mayo | M48: 5 | N48: =M48-sum(O48:U48) -> 1 | S48: 2 | U48: 2 | X48: 🍣Cá hồi mayo | Y48: =AA48+AB48 -> 7 | AA48: 5 | AB48: ='Nhật ký bán hàng T3'!I744+'Nhật ký bán hàng T3'!I768 -> 2 | AC48: 3 | AD48: 3 | AE48: =Y48-AC48-AD48 -> 1
A49: 46106 | B49: 🥘Chả cá xốt cay | C49: 10 | D49: =C49*'Giá NhậpXuất'!$C$12 -> 130000 | E49: =D49/C49 -> 13000 | L49: 🌭 Xúc xích siêu phomai | M49: 100 | N49: =M49-sum(O49:U49) -> 40 | S49: 30 | U49: 30 | X49: 🌭 Xúc xích siêu phomai | Y49: =AA49+AB49 -> 28 | AA49: 3 | AB49: 25 | AC49: 15 | AD49: 13 | AE49: =Y49-AC49-AD49 -> 0
A50: 46106 | B50: 🌮 Trứng xúc xích mayo | C50: 15 | D50: =C50*'Giá NhậpXuất'!$C$13 -> 195000 | E50: =D50/C50 -> 13000 | O50: =sum(O38:O49) -> 0 | R50: =sum(R38:R49) -> 0 | S50: =sum(S38:S49) -> 68 | T50: =sum(U38:U49) -> 67 | U50: =sum(#REF!) -> #REF! | AC50: =sum(AC38:AC49) -> 33 | AD50: =sum(AD38:AD49) -> 28
A51: 46106 | B51: 🍣Cá hồi mayo | C51: 5 | D51: =C51*'Giá NhậpXuất'!$C$14 -> 80000 | E51: =D51/C51 -> 16000
A52: 46106 | B52: 🌭 Xúc xích siêu phomai | C52: 150 | D52: =C52*'Giá NhậpXuất'!$C$15 -> 1950000 | E52: =D52/C52 -> 13000
C53: =sum(C41:C52) -> 315 | D53: =sum(D41:D52) -> 4110000 | M53: ko hiểu ở đâu | N53: XL | O53: XĐ. Sau | R53: VTD | S53: CN A | T53: CN B | U53: Tồn
A54: =A52+1 -> 46107 | B54: Thanh cua trứng Mayo | C54: 35 | D54: =C54*'Giá NhậpXuất'!$C$4 -> 455000 | E54: =D54/C54 -> 13000 | M54: 13 | N54: 5 | O54: 7 | R54: 15 | S54: 6 | T54: 7 | U54: =C54-sum(N54:T54)+M54 -> 8
A55: 46107 | B55: 🧀Pate phô mai kéo sợi | C55: 25 | D55: =C55*'Giá NhậpXuất'!$C$5 -> 325000 | E55: =D55/C55 -> 13000 | M55: 2 | N55: 5 | O55: 5 | R55: 8 | S55: 3 | T55: 4 | U55: =C55-sum(N55:T55)+M55 -> 2
A56: 46107 | B56: 🐷Heo cao bồi xúc xích | C56: =sum(N56:T56) -> 16 | D56: =C56*'Giá NhậpXuất'!$C$6 -> 208000 | E56: =D56/C56 -> 13000 | N56: 3 | O56: 3 | R56: 4 | S56: 3 | T56: 3 | U56: =C56-sum(N56:T56)+M56 -> 0
A57: 46107 | B57: 🐔Gà tomyum | C57: =sum(N57:T57) -> 15 | D57: =C57*'Giá NhậpXuất'!$C$7 -> 195000 | E57: =D57/C57 -> 13000 | M57: 3 | N57: 2 | O57: 3 | R57: 4 | S57: 3 | T57: 3 | U57: =C57-sum(N57:T57)+M57 -> 3
A58: 46107 | B58: 🐔 Gà teriyaki | C58: 30 | D58: =C58*'Giá NhậpXuất'!$C$8 -> 390000 | E58: =D58/C58 -> 13000 | N58: 5 | O58: 5 | R58: 9 | S58: 5 | T58: 5 | U58: =C58-sum(N58:T58)+M58 -> 1
A59: 46107 | B59: 🐮Bò BBQ | C59: 30 | D59: =C59*'Giá NhậpXuất'!$C$9 -> 390000 | E59: =D59/C59 -> 13000 | M59: 3 | N59: 5 | O59: 5 | R59: 10 | S59: 6 | T59: 5 | U59: =C59-sum(N59:T59)+M59 -> 2
A60: 46107 | B60: 🦐Tôm đút lò | C60: =sum(N60:T60) -> 15 | D60: =C60*'Giá NhậpXuất'!$C$10 -> 195000 | E60: =D60/C60 -> 13000 | N60: 2 | O60: 2 | R60: 5 | S60: 2 | T60: 4 | U60: =C60-sum(N60:T60)+M60 -> 0
A61: 46107 | B61: 🎏Cá ngừ | C61: =sum(N61:T61) -> 12 | D61: =C61*'Giá NhậpXuất'!$C$11 -> 156000 | E61: =D61/C61 -> 13000 | N61: 2 | O61: 1 | R61: 5 | S61: 2 | T61: 2 | U61: =C61-sum(N61:T61)+M61 -> 0
A62: 46107 | B62: 🥘Chả cá xốt cay | C62: 15 | D62: =C62*'Giá NhậpXuất'!$C$12 -> 195000 | E62: =D62/C62 -> 13000 | N62: 2 | O62: 2 | R62: 5 | S62: 2 | T62: 4 | U62: =C62-sum(N62:T62)+M62 -> 0
A63: 46107 | B63: 🌮 Trứng xúc xích mayo | C63: 20 | D63: =C63*'Giá NhậpXuất'!$C$13 -> 260000 | E63: =D63/C63 -> 13000 | N63: 4 | O63: 4 | R63: 5 | S63: 2 | T63: 3 | U63: =C63-sum(N63:T63)+M63 -> 2
A64: 46107 | B64: 🍣Cá hồi mayo | C64: 15 | D64: =C64*'Giá NhậpXuất'!$C$14 -> 240000 | E64: =D64/C64 -> 16000 | M64: 6 | N64: 3 | O64: 3 | R64: 5 | S64: 3 | T64: 2 | U64: =C64-sum(N64:T64)+M64 -> 5
A65: 46107 | B65: 🌭 Xúc xích siêu phomai | C65: 170 | D65: =C65*'Giá NhậpXuất'!$C$15 -> 2210000 | E65: =D65/C65 -> 13000 | M65: 1 | N65: 30 | O65: 30 | R65: 46 | S65: 30 | T65: 31 | U65: =C65-sum(N65:T65)+M65 -> 4
C66: =sum(C54:C65) -> 398 | D66: =sum(D54:D65) -> 5219000 | N66: =sum(N54:N65) -> 68 | O66: =sum(O54:O65) -> 70 | R66: =sum(R54:R65) -> 121 | S66: =sum(S54:S65) -> 67 | T66: =sum(T54:T65) -> 73
A67: Tổng
H68: Tồn | I68: Sáng | O68: Chiều
G69: Tặng | I69: XL | J69: XĐ. Sau | K69: VTD | L69: CN A | M69: CN B | O69: XL | R69: XĐ. Sau | S69: VTD | T69: CN A | U69: CN B | V69: Tồn XĐ sau
A70: 46110 | B70: Thanh cua trứng Mayo | C70: 15 | D70: =C70*'Giá NhậpXuất'!$C$4 -> 195000 | E70: =D70/C70 -> 13000 | H70: =C70-I70-J70-K70-L70-M70+G70-O70-R70-S70-T70-U70+V70 -> 9 | R70: 4 | S70: 4 | V70: 2
A71: 46110 | B71: 🧀Pate phô mai kéo sợi | C71: 10 | D71: =C71*'Giá NhậpXuất'!$C$5 -> 130000 | E71: =D71/C71 -> 13000 | H71: =C71-I71-J71-K71-L71-M71+G71-O71-R71-S71-T71-U71+V71 -> 8 | S71: 2
A72: 46110 | B72: 🐷Heo cao bồi xúc xích | C72: 6 | D72: =C72*'Giá NhậpXuất'!$C$6 -> 78000 | E72: =D72/C72 -> 13000 | H72: =C72-I72-J72-K72-L72-M72+G72-O72-R72-S72-T72-U72+V72 -> 3 | R72: 1 | S72: 2
A73: 46110 | B73: 🐔Gà tomyum | C73: 5 | D73: =C73*'Giá NhậpXuất'!$C$7 -> 65000 | E73: =D73/C73 -> 13000 | G73: 3 | H73: =C73-I73-J73-K73-L73-M73+G73-O73-R73-S73-T73-U73+V73 -> 5 | R73: 2 | S73: 2 | V73: 1
A74: 46110 | B74: 🐔 Gà teriyaki | C74: 15 | D74: =C74*'Giá NhậpXuất'!$C$8 -> 195000 | E74: =D74/C74 -> 13000 | H74: =C74-I74-J74-K74-L74-M74+G74-O74-R74-S74-T74-U74+V74 -> 8 | R74: 3 | S74: 4
A75: 46110 | B75: 🐮Bò BBQ | C75: 15 | D75: =C75*'Giá NhậpXuất'!$C$9 -> 195000 | E75: =D75/C75 -> 13000 | H75: =C75-I75-J75-K75-L75-M75+G75-O75-R75-S75-T75-U75+V75 -> 10 | R75: 3 | S75: 4 | V75: 2
A76: 46110 | B76: 🦐Tôm đút lò | C76: 6 | D76: =C76*'Giá NhậpXuất'!$C$10 -> 78000 | E76: =D76/C76 -> 13000 | G76: 3 | H76: =C76-I76-J76-K76-L76-M76+G76-O76-R76-S76-T76-U76+V76 -> 5 | R76: 2 | S76: 2
A77: 46110 | B77: 🎏Cá ngừ | C77: 5 | D77: =C77*'Giá NhậpXuất'!$C$11 -> 65000 | E77: =D77/C77 -> 13000 | H77: =C77-I77-J77-K77-L77-M77+G77-O77-R77-S77-T77-U77+V77 -> 5
A78: 46110 | B78: 🥘Chả cá xốt cay | C78: 6 | D78: =C78*'Giá NhậpXuất'!$C$12 -> 78000 | E78: =D78/C78 -> 13000 | H78: =C78-I78-J78-K78-L78-M78+G78-O78-R78-S78-T78-U78+V78 -> 4 | R78: 2 | S78: 2 | V78: 2
A79: 46110 | B79: 🌮 Trứng xúc xích mayo | C79: 12 | D79: =C79*'Giá NhậpXuất'!$C$13 -> 156000 | E79: =D79/C79 -> 13000 | H79: =C79-I79-J79-K79-L79-M79+G79-O79-R79-S79-T79-U79+V79 -> 8 | R79: 3 | S79: 3 | V79: 2
A80: 46110 | B80: 🍣Cá hồi mayo | C80: 5 | D80: =C80*'Giá NhậpXuất'!$C$14 -> 80000 | E80: =D80/C80 -> 16000 | H80: =C80-I80-J80-K80-L80-M80+G80-O80-R80-S80-T80-U80+V80 -> 3 | S80: 2
A81: 46110 | B81: 🌭 Xúc xích siêu phomai | C81: 100 | D81: =C81*'Giá NhậpXuất'!$C$15 -> 1300000 | E81: =D81/C81 -> 13000 | H81: =C81-I81-J81-K81-L81-M81+G81-O81-R81-S81-T81-U81+V81 -> 67 | R81: 20 | S81: 20 | V81: 7
C82: =sum(C70:C81) -> 200 | D82: =sum(D70:D81) -> 2615000 | H82: Tồn | I82: Sáng | R82: Chiều
G83: Tặng | I83: XL | J83: XĐ. Sau | K83: VTD | L83: CN A | M83: CN B | O83: ĐN | R83: XL | S83: XĐ. Sau | T83: VTD | U83: CN A | V83: CN B | Y83: Chưa Quay | AA83: Tồn | AB83: Tổng Tồn
A84: 46111 | B84: Thanh cua trứng Mayo | C84: 60 | D84: =C84*'Giá NhậpXuất'!$C$4 -> 780000 | E84: =D84/C84 -> 13000 | G84: 10 | H84: =C84-I84-J84-K84-L84-M84+G84-R84-S84-T84-U84-V84+H70 -> 19 | I84: 7 | J84: 5 | K84: 12 | L84: 7 | M84: 7 | R84: 4 | S84: 4 | T84: 5 | U84: 4 | V84: 5 | X84: Thanh cua trứng Mayo | Y84: 20 | AA84: 6 | AB84: =AA84+Y84 -> 26
A85: 46111 | B85: 🧀Pate phô mai kéo sợi | C85: 50 | D85: =C85*'Giá NhậpXuất'!$C$5 -> 650000 | E85: =D85/C85 -> 13000 | H85: =C85-I85-J85-K85-L85-M85+G85-R85-S85-T85-U85-V85+H71 -> 15 | I85: 5 | J85: 4 | K85: 5 | L85: 5 | M85: 5 | R85: 3 | S85: 4 | T85: 5 | U85: 3 | V85: 4 | X85: 🧀Pate phô mai kéo sợi | Y85: 21 | AA85: 8 | AB85: =AA85+Y85 -> 29
A86: 46111 | B86: 🐷Heo cao bồi xúc xích | C86: 20 | D86: =C86*'Giá NhậpXuất'!$C$6 -> 260000 | E86: =D86/C86 -> 13000 | H86: =C86-I86-J86-K86-L86-M86+G86-R86-S86-T86-U86-V86+H72 -> -3 | I86: 4 | J86: 2 | K86: 5 | L86: 3 | M86: 4 | R86: 3 | T86: 3 | U86: 2 | X86: 🐷Heo cao bồi xúc xích | Y86: 3 | AA86: 1 | AB86: =AA86+Y86 -> 4
A87: 46111 | B87: 🐔Gà tomyum | C87: 15 | D87: =C87*'Giá NhậpXuất'!$C$7 -> 195000 | E87: =D87/C87 -> 13000 | H87: =C87-I87-J87-K87-L87-M87+G87-R87-S87-T87-U87-V87+H73 -> 3 | I87: 3 | J87: 1 | K87: 5 | L87: 3 | M87: 4 | T87: 1 | X87: 🐔Gà tomyum | AB87: =AA87+Y87 -> 0
A88: 46111 | B88: 🐔 Gà teriyaki | C88: 60 | D88: =C88*'Giá NhậpXuất'!$C$8 -> 780000 | E88: =D88/C88 -> 13000 | H88: =C88-I88-J88-K88-L88-M88+G88-R88-S88-T88-U88-V88+H74 -> 15 | I88: 6 | J88: 4 | K88: 12 | L88: 5 | M88: 7 | R88: 2 | S88: 4 | T88: 3 | U88: 5 | V88: 5 | X88: 🐔 Gà teriyaki | Y88: 16 | AB88: =AA88+Y88 -> 16
A89: 46111 | B89: 🐮Bò BBQ | C89: 70 | D89: =C89*'Giá NhậpXuất'!$C$9 -> 910000 | E89: =D89/C89 -> 13000 | G89: 10 | H89: =C89-I89-J89-K89-L89-M89+G89-R89-S89-T89-U89-V89+H75 -> 38 | I89: 6 | J89: 4 | K89: 12 | L89: 5 | M89: 7 | R89: 3 | T89: 5 | U89: 5 | V89: 5 | X89: 🐮Bò BBQ | Y89: 41 | AB89: =AA89+Y89 -> 41
A90: 46111 | B90: 🦐Tôm đút lò | C90: 15 | D90: =C90*'Giá NhậpXuất'!$C$10 -> 195000 | E90: =D90/C90 -> 13000 | H90: =C90-I90-J90-K90-L90-M90+G90-R90-S90-T90-U89-V90+H76 -> -8 | I90: 3 | J90: 2 | K90: 5 | L90: 3 | M90: 4 | S90: 4 | V90: 2 | X90: 🦐Tôm đút lò | Y90: 1 | AB90: =AA90+Y90 -> 1
A91: 46111 | B91: 🎏Cá ngừ | C91: 15 | D91: =C91*'Giá NhậpXuất'!$C$11 -> 195000 | E91: =D91/C91 -> 13000 | H91: =C91-I91-J91-K91-L91-M91+G91-R91-S91-T91-U91-V91+H77 -> 4 | I91: 3 | J91: 0 | K91: 5 | L91: 3 | M91: 3 | R91: 1 | U91: 1 | X91: 🎏Cá ngừ | Y91: 1 | AB91: =AA91+Y91 -> 1
A92: 46111 | B92: 🥘Chả cá xốt cay | C92: 15 | D92: =C92*'Giá NhậpXuất'!$C$12 -> 195000 | E92: =D92/C92 -> 13000 | H92: =C92-I92-J92-K92-L92-M92+G92-R92-S92-T92-U92-V92+H78 -> -3 | I92: 3 | J92: 4 | K92: 5 | L92: 2 | M92: 3 | R92: 2 | T92: 2 | U92: 1 | X92: 🥘Chả cá xốt cay | Y92: 2 | AA92: 2 | AB92: =AA92+Y92 -> 4
A93: 46111 | B93: 🌮 Trứng xúc xích mayo | C93: 20 | D93: =C93*'Giá NhậpXuất'!$C$13 -> 260000 | E93: =D93/C93 -> 13000 | H93: =C93-I93-J93-K93-L93-M93+G93-R93-S93-T93-U93-V93+H79 -> 4 | I93: 4 | J93: 4 | K93: 5 | L93: 4 | M93: 5 | T93: 2 | X93: 🌮 Trứng xúc xích mayo | Y93: 3 | AB93: =AA93+Y93 -> 3
A94: 46111 | B94: 🍣Cá hồi mayo | C94: 15 | D94: =C94*'Giá NhậpXuất'!$C$14 -> 240000 | E94: =D94/C94 -> 16000 | H94: =C94-I94-J94-K94-L94-M94+G94-R94-S94-T94-U94-V94+H80 -> 4 | I94: 2 | J94: 2 | K94: 5 | L94: 2 | M94: 3 | X94: 🍣Cá hồi mayo | Y94: 1 | AA94: 1 | AB94: =AA94+Y94 -> 2
A95: 46111 | B95: 🌭 Xúc xích siêu phomai | C95: 245 | D95: =C95*'Giá NhậpXuất'!$C$15 -> 3185000 | E95: =D95/C95 -> 13000 | H95: =C95-I95-J95-K95-L95-M95+G95-R95-S95-T95-U95-V95+H81 -> 47 | I95: 30 | J95: 30 | K95: 45 | L95: 30 | M95: 30 | R95: 20 | S95: 20 | T95: 20 | U95: 20 | V95: 20 | X95: 🌭 Xúc xích siêu phomai | Y95: 46 | AA95: 22 | AB95: =AA95+Y95 -> 68
B96: Tổng | C96: =sum(C84:C95) -> 600 | D96: =sum(D84:D95) -> 7845000 | I96: =sum(I84:I95) -> 76 | J96: =sum(J84:J95) -> 62 | K96: =sum(K84:K95) -> 121 | L96: =sum(L84:L95) -> 72 | M96: =sum(M84:M95) -> 82 | R96: =sum(R84:R95) -> 38 | S96: =sum(S84:S95) -> 36 | T96: =sum(T84:T95) -> 46 | U96: =sum(U84:U95) -> 41 | V96: =sum(V84:V95) -> 41
H97: Tồn bán | I97: Sáng | R97: Chiều
G98: Tặng | I98: XL | J98: XĐ. Sau | K98: VTD | L98: CN A | M98: CN B | O98: ĐN | R98: XL | S98: XĐ. Sau | T98: VTD | U98: CN A | V98: CN B | W98: ĐN | X98: Column 1 | Y98: Chưa Quay | Z98: Column 10 | AA98: Tổng Tồn | AB98: Tồn XL | AC98: Tồn XĐ sau | AD98: Tồn VTD | AE98: tồn ĐN | AF98: Column 8 | AG98: Column 9
A99: 46112 | B99: Thanh cua trứng Mayo | C99: 35 | D99: =C99*'Giá NhậpXuất'!$C$4 -> 455000 | E99: =D99/C99 -> 13000 | H99: =AA99-sum(R99:W99) -> 61 | J99: 7 | K99: 12 | L99: 7 | M99: 7 | O99: 7 | R99: 2 | S99: 2 | T99: 2 | U99: 2 | V99: 2 | X99: Thanh cua trứng Mayo | Y99: =C99+AB84 -> 61 | AA99: =AD99+Y99+AC99+AE99 -> 71 | AC99: 1 | AE99: 9
A100: 46112 | B100: 🧀Pate phô mai kéo sợi | C100: 25 | D100: =C100*'Giá NhậpXuất'!$C$5 -> 325000 | E100: =D100/C100 -> 13000 | H100: =AA100-sum(R100:W100) -> 28 | J100: 4 | K100: 5 | L100: 5 | M100: 5 | O100: 5 | R100: 3 | T100: 3 | V100: 4 | W100: 3 | X100: 🧀Pate phô mai kéo sợi | Y100: 32 | AA100: =AD100+Y100+AC100+AE100 -> 41 | AD100: 4 | AE100: 5
...

Sheet Nhật ký bán hàng T4
A1: STT | B1: Ngày | C1: Ca Bán | D1: Điểm bán | E1: NV Bán | F1: Loại hàng | G1: Tồn đầu | H1: Hàng Bán Mới | I1: Tồn Cuối | J1: Hàng Lỗi | K1: Bán Thực | L1: Doanh Thu
A2: 1 | B2: 46118 | C2: Sáng | D2: VTD | E2: Nguyễn Thị Kim Ngân | F2: Thanh cua trứng Mayo | H2: 7 | I2: 0 | K2: {=IF(E2:E1072="NGHỈ BÁN", 0, IF(F2:F1072="",, G2:G1072 + H2:H1072 - I2:I1072 - J2:J1072))} -> 7 | L2: {=IF(E2:E1072="NGHỈ BÁN", 0, IF(K2:K1072="",, IF(ISNUMBER(SEARCH("Cá hồi", F2:F1072)), K2:K1072*22000, K2:K1072*20000)))} -> 140000
A3: 2 | B3: 46118 | C3: Sáng | D3: VTD | E3: Nguyễn Thị Kim Ngân | F3: 🧀Pate phô mai kéo sợi | H3: 3 | I3: 0 | K3: 3 | L3: 60000
A4: 3 | B4: 46118 | C4: Sáng | D4: VTD | E4: Nguyễn Thị Kim Ngân | F4: 🐷Heo cao bồi xúc xích | H4: 3 | I4: 0 | K4: 3 | L4: 60000
A5: 4 | B5: 46118 | C5: Sáng | D5: VTD | E5: Nguyễn Thị Kim Ngân | F5: 🐔Gà tomyum | H5: 3 | I5: 0 | K5: 3 | L5: 60000
A6: 5 | B6: 46118 | C6: Sáng | D6: VTD | E6: Nguyễn Thị Kim Ngân | F6: 🐔 Gà teriyaki | H6: 5 | I6: 0 | K6: 5 | L6: 100000
A7: 6 | B7: 46118 | C7: Sáng | D7: VTD | E7: Nguyễn Thị Kim Ngân | F7: 🐮Bò BBQ | H7: 5 | I7: 0 | K7: 5 | L7: 100000
A8: 7 | B8: 46118 | C8: Sáng | D8: VTD | E8: Nguyễn Thị Kim Ngân | F8: 🦐Tôm đút lò | H8: 2 | I8: 0 | K8: 2 | L8: 40000
A9: 8 | B9: 46118 | C9: Sáng | D9: VTD | E9: Nguyễn Thị Kim Ngân | F9: 🎏Cá ngừ | H9: 3 | I9: 0 | K9: 3 | L9: 60000
A10: 9 | B10: 46118 | C10: Sáng | D10: VTD | E10: Nguyễn Thị Kim Ngân | F10: 🥘Chả cá xốt cay | H10: 7 | I10: 0 | K10: 7 | L10: 140000
A11: 10 | B11: 46118 | C11: Sáng | D11: VTD | E11: Nguyễn Thị Kim Ngân | F11: 🌮 Trứng xúc xích mayo | H11: 3 | I11: 0 | K11: 3 | L11: 60000
A12: 11 | B12: 46118 | C12: Sáng | D12: VTD | E12: Nguyễn Thị Kim Ngân | F12: 🍣Cá hồi mayo | H12: 3 | I12: 0 | K12: 3 | L12: 66000
A13: 12 | B13: 46118 | C13: Sáng | D13: VTD | E13: Nguyễn Thị Kim Ngân | F13: 🌭 Xúc xích siêu phomai | H13: 30 | I13: 0 | K13: 30 | L13: 600000
A14: 13 | B14: 46118 | C14: Chiều | D14: VTD | E14: Trịnh Thị Ngọc Minh | F14: Thanh cua trứng Mayo | G14: =I2 -> 0 | K14: 0 | L14: 0
A15: 14 | B15: 46118 | C15: Chiều | D15: VTD | E15: Trịnh Thị Ngọc Minh | F15: 🧀Pate phô mai kéo sợi | G15: =I3 -> 0 | K15: 0 | L15: 0
A16: 15 | B16: 46118 | C16: Chiều | D16: VTD | E16: Trịnh Thị Ngọc Minh | F16: 🐷Heo cao bồi xúc xích | G16: =I4 -> 0 | K16: 0 | L16: 0
A17: 16 | B17: 46118 | C17: Chiều | D17: VTD | E17: Trịnh Thị Ngọc Minh | F17: 🐔Gà tomyum | G17: =I5 -> 0 | K17: 0 | L17: 0
A18: 17 | B18: 46118 | C18: Chiều | D18: VTD | E18: Trịnh Thị Ngọc Minh | F18: 🐔 Gà teriyaki | G18: =I6 -> 0 | K18: 0 | L18: 0
A19: 18 | B19: 46118 | C19: Chiều | D19: VTD | E19: Trịnh Thị Ngọc Minh | F19: 🐮Bò BBQ | G19: =I7 -> 0 | K19: 0 | L19: 0
A20: 19 | B20: 46118 | C20: Chiều | D20: VTD | E20: Trịnh Thị Ngọc Minh | F20: 🦐Tôm đút lò | G20: =I8 -> 0 | K20: 0 | L20: 0
A21: 20 | B21: 46118 | C21: Chiều | D21: VTD | E21: Trịnh Thị Ngọc Minh | F21: 🎏Cá ngừ | G21: =I9 -> 0 | K21: 0 | L21: 0
A22: 21 | B22: 46118 | C22: Chiều | D22: VTD | E22: Trịnh Thị Ngọc Minh | F22: 🥘Chả cá xốt cay | G22: =I10 -> 0 | K22: 0 | L22: 0
A23: 22 | B23: 46118 | C23: Chiều | D23: VTD | E23: Trịnh Thị Ngọc Minh | F23: 🌮 Trứng xúc xích mayo | G23: =I11 -> 0 | K23: 0 | L23: 0
A24: 23 | B24: 46118 | C24: Chiều | D24: VTD | E24: Trịnh Thị Ngọc Minh | F24: 🍣Cá hồi mayo | G24: =I12 -> 0 | K24: 0 | L24: 0
A25: 24 | B25: 46118 | C25: Chiều | D25: VTD | E25: Trịnh Thị Ngọc Minh | F25: 🌭 Xúc xích siêu phomai | G25: =I13 -> 0 | K25: 0 | L25: 0
A26: 25 | B26: 46118 | C26: Sáng | D26: CN A | E26: Thu Hương | F26: Thanh cua trứng Mayo | H26: 7 | I26: 0 | K26: 7 | L26: 140000
A27: 26 | B27: 46118 | C27: Sáng | D27: CN A | E27: Thu Hương | F27: 🧀Pate phô mai kéo sợi | H27: 3 | I27: 0 | K27: 3 | L27: 60000
A28: 27 | B28: 46118 | C28: Sáng | D28: CN A | E28: Thu Hương | F28: 🐷Heo cao bồi xúc xích | H28: 4 | I28: 0 | K28: 4 | L28: 80000
A29: 28 | B29: 46118 | C29: Sáng | D29: CN A | E29: Thu Hương | F29: 🐔Gà tomyum | H29: 3 | I29: 0 | K29: 3 | L29: 60000
A30: 29 | B30: 46118 | C30: Sáng | D30: CN A | E30: Thu Hương | F30: 🐔 Gà teriyaki | H30: 4 | I30: 0 | K30: 4 | L30: 80000
A31: 30 | B31: 46118 | C31: Sáng | D31: CN A | E31: Thu Hương | F31: 🐮Bò BBQ | H31: 6 | I31: 0 | K31: 6 | L31: 120000
A32: 31 | B32: 46118 | C32: Sáng | D32: CN A | E32: Thu Hương | F32: 🦐Tôm đút lò | H32: 3 | I32: 0 | K32: 3 | L32: 60000
A33: 32 | B33: 46118 | C33: Sáng | D33: CN A | E33: Thu Hương | F33: 🎏Cá ngừ | H33: 2 | I33: 0 | K33: 2 | L33: 40000
A34: 33 | B34: 46118 | C34: Sáng | D34: CN A | E34: Thu Hương | F34: 🥘Chả cá xốt cay | H34: 3 | I34: 0 | K34: 3 | L34: 60000
A35: 34 | B35: 46118 | C35: Sáng | D35: CN A | E35: Thu Hương | F35: 🌮 Trứng xúc xích mayo | H35: 4 | I35: 0 | K35: 4 | L35: 80000
A36: 35 | B36: 46118 | C36: Sáng | D36: CN A | E36: Thu Hương | F36: 🍣Cá hồi mayo | H36: 2 | I36: 0 | K36: 2 | L36: 44000
A37: 36 | B37: 46118 | C37: Sáng | D37: CN A | E37: Thu Hương | F37: 🌭 Xúc xích siêu phomai | H37: 30 | K37: 30 | L37: 600000
A38: 37 | B38: 46118 | C38: Chiều | D38: CN A | E38: Lưu Doãn Hoài Nam | F38: Thanh cua trứng Mayo | G38: =I26 -> 0 | K38: 0 | L38: 0
A39: 38 | B39: 46118 | C39: Chiều | D39: CN A | E39: Lưu Doãn Hoài Nam | F39: 🧀Pate phô mai kéo sợi | G39: =I27 -> 0 | K39: 0 | L39: 0
A40: 39 | B40: 46118 | C40: Chiều | D40: CN A | E40: Lưu Doãn Hoài Nam | F40: 🐷Heo cao bồi xúc xích | G40: =I28 -> 0 | K40: 0 | L40: 0
A41: 40 | B41: 46118 | C41: Chiều | D41: CN A | E41: Lưu Doãn Hoài Nam | F41: 🐔Gà tomyum | G41: =I29 -> 0 | K41: 0 | L41: 0
A42: 41 | B42: 46118 | C42: Chiều | D42: CN A | E42: Lưu Doãn Hoài Nam | F42: 🐔 Gà teriyaki | G42: =I30 -> 0 | K42: 0 | L42: 0
A43: 42 | B43: 46118 | C43: Chiều | D43: CN A | E43: Lưu Doãn Hoài Nam | F43: 🐮Bò BBQ | G43: =I31 -> 0 | K43: 0 | L43: 0
A44: 43 | B44: 46118 | C44: Chiều | D44: CN A | E44: Lưu Doãn Hoài Nam | F44: 🦐Tôm đút lò | G44: =I32 -> 0 | K44: 0 | L44: 0
A45: 44 | B45: 46118 | C45: Chiều | D45: CN A | E45: Lưu Doãn Hoài Nam | F45: 🎏Cá ngừ | G45: =I33 -> 0 | K45: 0 | L45: 0
A46: 45 | B46: 46118 | C46: Chiều | D46: CN A | E46: Lưu Doãn Hoài Nam | F46: 🥘Chả cá xốt cay | G46: =I34 -> 0 | K46: 0 | L46: 0
A47: 46 | B47: 46118 | C47: Chiều | D47: CN A | E47: Lưu Doãn Hoài Nam | F47: 🌮 Trứng xúc xích mayo | G47: =I35 -> 0 | K47: 0 | L47: 0
A48: 47 | B48: 46118 | C48: Chiều | D48: CN A | E48: Lưu Doãn Hoài Nam | F48: 🍣Cá hồi mayo | G48: =I36 -> 0 | K48: 0 | L48: 0
A49: 48 | B49: 46118 | C49: Chiều | D49: CN A | E49: Lưu Doãn Hoài Nam | F49: 🌭 Xúc xích siêu phomai | G49: =I37 | K49: 0 | L49: 0
A50: 49 | B50: 46118 | C50: Sáng | D50: XL | E50: Ngọc Minh | F50: Thanh cua trứng Mayo | K50: 0 | L50: 0
A51: 50 | B51: 46118 | C51: Sáng | D51: XL | E51: Ngọc Minh | F51: 🧀Pate phô mai kéo sợi | K51: 0 | L51: 0
A52: 51 | B52: 46118 | C52: Sáng | D52: XL | E52: Ngọc Minh | F52: 🐷Heo cao bồi xúc xích | K52: 0 | L52: 0
A53: 52 | B53: 46118 | C53: Sáng | D53: XL | E53: Ngọc Minh | F53: 🐔Gà tomyum | K53: 0 | L53: 0
A54: 53 | B54: 46118 | C54: Sáng | D54: XL | E54: Ngọc Minh | F54: 🐔 Gà teriyaki | K54: 0 | L54: 0
A55: 54 | B55: 46118 | C55: Sáng | D55: XL | E55: Ngọc Minh | F55: 🐮Bò BBQ | K55: 0 | L55: 0
A56: 55 | B56: 46118 | C56: Sáng | D56: XL | E56: Ngọc Minh | F56: 🦐Tôm đút lò | K56: 0 | L56: 0
A57: 56 | B57: 46118 | C57: Sáng | D57: XL | E57: Ngọc Minh | F57: 🎏Cá ngừ | K57: 0 | L57: 0
A58: 57 | B58: 46118 | C58: Sáng | D58: XL | E58: Ngọc Minh | F58: 🥘Chả cá xốt cay | K58: 0 | L58: 0
A59: 58 | B59: 46118 | C59: Sáng | D59: XL | E59: Ngọc Minh | F59: 🌮 Trứng xúc xích mayo | K59: 0 | L59: 0
A60: 59 | B60: 46118 | C60: Sáng | D60: XL | E60: Ngọc Minh | F60: 🍣Cá hồi mayo | K60: 0 | L60: 0
A61: 60 | B61: 46118 | C61: Sáng | D61: XL | E61: Ngọc Minh | F61: 🌭 Xúc xích siêu phomai | K61: 0 | L61: 0
A62: 61 | B62: 46118 | C62: Chiều | D62: XL | E62: NGHỈ BÁN | F62: Thanh cua trứng Mayo | G62: =I50 | K62: 0 | L62: 0
A63: 62 | B63: 46118 | C63: Chiều | D63: XL | E63: NGHỈ BÁN | F63: 🧀Pate phô mai kéo sợi | G63: =I51 | K63: 0 | L63: 0
A64: 63 | B64: 46118 | C64: Chiều | D64: XL | E64: NGHỈ BÁN | F64: 🐷Heo cao bồi xúc xích | G64: =I52 | K64: 0 | L64: 0
A65: 64 | B65: 46118 | C65: Chiều | D65: XL | E65: NGHỈ BÁN | F65: 🐔Gà tomyum | G65: =I53 | K65: 0 | L65: 0
A66: 65 | B66: 46118 | C66: Chiều | D66: XL | E66: NGHỈ BÁN | F66: 🐔 Gà teriyaki | G66: =I54 | K66: 0 | L66: 0
A67: 66 | B67: 46118 | C67: Chiều | D67: XL | E67: NGHỈ BÁN | F67: 🐮Bò BBQ | G67: =I55 | K67: 0 | L67: 0
A68: 67 | B68: 46118 | C68: Chiều | D68: XL | E68: NGHỈ BÁN | F68: 🦐Tôm đút lò | G68: =I56 | K68: 0 | L68: 0
A69: 68 | B69: 46118 | C69: Chiều | D69: XL | E69: NGHỈ BÁN | F69: 🎏Cá ngừ | G69: =I57 | K69: 0 | L69: 0
A70: 69 | B70: 46118 | C70: Chiều | D70: XL | E70: NGHỈ BÁN | F70: 🥘Chả cá xốt cay | G70: =I58 | K70: 0 | L70: 0
A71: 70 | B71: 46118 | C71: Chiều | D71: XL | E71: NGHỈ BÁN | F71: 🌮 Trứng xúc xích mayo | G71: =I59 | K71: 0 | L71: 0
A72: 71 | B72: 46118 | C72: Chiều | D72: XL | E72: NGHỈ BÁN | F72: 🍣Cá hồi mayo | G72: =I60 | K72: 0 | L72: 0
A73: 72 | B73: 46118 | C73: Chiều | D73: XL | E73: NGHỈ BÁN | F73: 🌭 Xúc xích siêu phomai | G73: =I61 | K73: 0 | L73: 0
A74: 73 | B74: 46118 | C74: Sáng | D74: VTD | E74: CT | F74: Thanh cua trứng Mayo | H74: 6 | K74: 6 | L74: 120000
A75: 74 | B75: 46118 | C75: Sáng | D75: VTD | E75: CT | F75: 🧀Pate phô mai kéo sợi | H75: 4 | K75: 4 | L75: 80000
A76: 75 | B76: 46118 | C76: Sáng | D76: VTD | E76: CT | F76: 🐷Heo cao bồi xúc xích | H76: 4 | K76: 4 | L76: 80000
A77: 76 | B77: 46118 | C77: Sáng | D77: VTD | E77: CT | F77: 🐔Gà tomyum | H77: 5 | K77: 5 | L77: 100000
A78: 77 | B78: 46118 | C78: Sáng | D78: VTD | E78: CT | F78: 🐔 Gà teriyaki | H78: 6 | K78: 6 | L78: 120000
A79: 78 | B79: 46118 | C79: Sáng | D79: VTD | E79: CT | F79: 🐮Bò BBQ | H79: 6 | K79: 6 | L79: 120000
A80: 79 | B80: 46118 | C80: Sáng | D80: VTD | E80: CT | F80: 🦐Tôm đút lò | H80: 5 | K80: 5 | L80: 100000
A81: 80 | B81: 46118 | C81: Sáng | D81: VTD | E81: CT | F81: 🎏Cá ngừ | H81: 3 | K81: 3 | L81: 60000
A82: 81 | B82: 46118 | C82: Sáng | D82: VTD | E82: CT | F82: 🥘Chả cá xốt cay | H82: 2 | K82: 2 | L82: 40000
A83: 82 | B83: 46118 | C83: Sáng | D83: VTD | E83: CT | F83: 🌮 Trứng xúc xích mayo | H83: 5 | K83: 5 | L83: 100000
A84: 83 | B84: 46118 | C84: Sáng | D84: VTD | E84: CT | F84: 🍣Cá hồi mayo | H84: 3 | K84: 3 | L84: 66000
A85: 84 | B85: 46118 | C85: Sáng | D85: VTD | E85: CT | F85: 🌭 Xúc xích siêu phomai | H85: 40 | K85: 40 | L85: 800000
A86: 85 | B86: 46118 | C86: Chiều | D86: VTD | E86: Phùng Hà My | F86: Thanh cua trứng Mayo | G86: =I74 | H86: 5 | I86: 1 | K86: 4 | L86: 80000
A87: 86 | B87: 46118 | C87: Chiều | D87: VTD | E87: Phùng Hà My | F87: 🧀Pate phô mai kéo sợi | G87: =I75 | H87: 2 | K87: 2 | L87: 40000
A88: 87 | B88: 46118 | C88: Chiều | D88: VTD | E88: Phùng Hà My | F88: 🐷Heo cao bồi xúc xích | G88: =I76 | H88: 2 | K88: 2 | L88: 40000
A89: 88 | B89: 46118 | C89: Chiều | D89: VTD | E89: Phùng Hà My | F89: 🐔Gà tomyum | G89: =I77 | H89: 3 | K89: 3 | L89: 60000
A90: 89 | B90: 46118 | C90: Chiều | D90: VTD | E90: Phùng Hà My | F90: 🐔 Gà teriyaki | G90: =I78 | H90: 3 | K90: 3 | L90: 60000
A91: 90 | B91: 46118 | C91: Chiều | D91: VTD | E91: Phùng Hà My | F91: 🐮Bò BBQ | G91: =I79 | H91: 5 | K91: 5 | L91: 100000
A92: 91 | B92: 46118 | C92: Chiều | D92: VTD | E92: Phùng Hà My | F92: 🦐Tôm đút lò | G92: =I80 | H92: 4 | K92: 4 | L92: 80000
A93: 92 | B93: 46118 | C93: Chiều | D93: VTD | E93: Phùng Hà My | F93: 🎏Cá ngừ | G93: =I81 | K93: 0 | L93: 0
A94: 93 | B94: 46118 | C94: Chiều | D94: VTD | E94: Phùng Hà My | F94: 🥘Chả cá xốt cay | G94: =I82 | H94: 1 | K94: 1 | L94: 20000
A95: 94 | B95: 46118 | C95: Chiều | D95: VTD | E95: Phùng Hà My | F95: 🌮 Trứng xúc xích mayo | G95: =I83 | H95: 2 | K95: 2 | L95: 40000
A96: 95 | B96: 46118 | C96: Chiều | D96: VTD | E96: Phùng Hà My | F96: 🍣Cá hồi mayo | G96: =I84 | H96: 2 | K96: 2 | L96: 44000
A97: 96 | B97: 46118 | C97: Chiều | D97: VTD | E97: Phùng Hà My | F97: 🌭 Xúc xích siêu phomai | G97: =I85 | H97: 20 | K97: 20 | L97: 400000
A98: 97 | B98: 46118 | C98: Sáng | D98: CN B | E98: NGHỈ BÁN | F98: Thanh cua trứng Mayo | K98: 0 | L98: 0
A99: 98 | B99: 46118 | C99: Sáng | D99: CN B | E99: NGHỈ BÁN | F99: 🧀Pate phô mai kéo sợi | K99: 0 | L99: 0
A100: 99 | B100: 46118 | C100: Sáng | D100: CN B | E100: NGHỈ BÁN | F100: 🐷Heo cao bồi xúc xích | K100: 0 | L100: 0
...

Sheet Nhật ký bán hàng T3
A1: STT | B1: Ngày | C1: Ca Bán | D1: Điểm bán | E1: NV Bán | F1: Loại hàng | G1: Tồn đầu | H1: Hàng Bán Mới | I1: Tồn Cuối | J1: Hàng Lỗi | K1: Bán Thực | L1: Doanh Thu
A2: 1 | B2: 46104 | C2: Sáng | D2: XĐ CT | E2: NGHỈ BÁN | F2: Thanh cua trứng Mayo | K2: {=IF(E2:E1072="NGHỈ BÁN", 0, IF(F2:F1072="",, G2:G1072 + H2:H1072 - I2:I1072 - J2:J1072))} -> 0 | L2: {=IF(E2:E1072="NGHỈ BÁN", 0, IF(K2:K1072="",, IF(ISNUMBER(SEARCH("Cá hồi", F2:F1072)), K2:K1072*22000, K2:K1072*20000)))} -> 0
A3: 2 | B3: 46104 | C3: Sáng | D3: XĐ CT | E3: NGHỈ BÁN | F3: 🧀Pate phô mai kéo sợi | K3: 0 | L3: 0
A4: 3 | B4: 46104 | C4: Sáng | D4: XĐ CT | E4: NGHỈ BÁN | F4: 🐷Heo cao bồi xúc xích | K4: 0 | L4: 0
A5: 4 | B5: 46104 | C5: Sáng | D5: XĐ CT | E5: NGHỈ BÁN | F5: 🐔Gà tomyum | K5: 0 | L5: 0
A6: 5 | B6: 46104 | C6: Sáng | D6: XĐ CT | E6: NGHỈ BÁN | F6: 🐔 Gà teriyaki | K6: 0 | L6: 0
A7: 6 | B7: 46104 | C7: Sáng | D7: XĐ CT | E7: NGHỈ BÁN | F7: 🐮Bò BBQ | K7: 0 | L7: 0
A8: 7 | B8: 46104 | C8: Sáng | D8: XĐ CT | E8: NGHỈ BÁN | F8: 🦐Tôm đút lò | K8: 0 | L8: 0
A9: 8 | B9: 46104 | C9: Sáng | D9: XĐ CT | E9: NGHỈ BÁN | F9: 🎏Cá ngừ | K9: 0 | L9: 0
A10: 9 | B10: 46104 | C10: Sáng | D10: XĐ CT | E10: NGHỈ BÁN | F10: 🥘Chả cá xốt cay | K10: 0 | L10: 0
A11: 10 | B11: 46104 | C11: Sáng | D11: XĐ CT | E11: NGHỈ BÁN | F11: 🌮 Trứng xúc xích mayo | K11: 0 | L11: 0
A12: 11 | B12: 46104 | C12: Sáng | D12: XĐ CT | E12: NGHỈ BÁN | F12: 🍣Cá hồi mayo | K12: 0 | L12: 0
A13: 12 | B13: 46104 | C13: Sáng | D13: XĐ CT | E13: NGHỈ BÁN | F13: 🌭 Xúc xích siêu phomai | K13: 0 | L13: 0
A14: 13 | B14: 46104 | C14: Chiều | D14: XĐ CT | E14: Lưu Quỳnh Nga | F14: Thanh cua trứng Mayo | G14: =I2 | H14: 3 | I14: 2 | K14: 1 | L14: 20000
A15: 14 | B15: 46104 | C15: Chiều | D15: XĐ CT | E15: Lưu Quỳnh Nga | F15: 🧀Pate phô mai kéo sợi | G15: =I3 | K15: 0 | L15: 0
A16: 15 | B16: 46104 | C16: Chiều | D16: XĐ CT | E16: Lưu Quỳnh Nga | F16: 🐷Heo cao bồi xúc xích | G16: =I4 | H16: 1 | I16: 1 | K16: 0 | L16: 0
A17: 16 | B17: 46104 | C17: Chiều | D17: XĐ CT | E17: Lưu Quỳnh Nga | F17: 🐔Gà tomyum | G17: =I5 | H17: 2 | I17: 1 | K17: 1 | L17: 20000
A18: 17 | B18: 46104 | C18: Chiều | D18: XĐ CT | E18: Lưu Quỳnh Nga | F18: 🐔 Gà teriyaki | G18: =I6 | H18: 2 | K18: 2 | L18: 40000
A19: 18 | B19: 46104 | C19: Chiều | D19: XĐ CT | E19: Lưu Quỳnh Nga | F19: 🐮Bò BBQ | G19: =I7 | H19: 2 | I19: 2 | K19: 0 | L19: 0
A20: 19 | B20: 46104 | C20: Chiều | D20: XĐ CT | E20: Lưu Quỳnh Nga | F20: 🦐Tôm đút lò | G20: =I8 | H20: 1 | I20: 1 | K20: 0 | L20: 0
A21: 20 | B21: 46104 | C21: Chiều | D21: XĐ CT | E21: Lưu Quỳnh Nga | F21: 🎏Cá ngừ | G21: =I9 | H21: 1 | I21: 1 | K21: 0 | L21: 0
A22: 21 | B22: 46104 | C22: Chiều | D22: XĐ CT | E22: Lưu Quỳnh Nga | F22: 🥘Chả cá xốt cay | G22: =I10 | K22: 0 | L22: 0
A23: 22 | B23: 46104 | C23: Chiều | D23: XĐ CT | E23: Lưu Quỳnh Nga | F23: 🌮 Trứng xúc xích mayo | G23: =I11 | K23: 0 | L23: 0
A24: 23 | B24: 46104 | C24: Chiều | D24: XĐ CT | E24: Lưu Quỳnh Nga | F24: 🍣Cá hồi mayo | G24: =I12 | K24: 0 | L24: 0
A25: 24 | B25: 46104 | C25: Chiều | D25: XĐ CT | E25: Lưu Quỳnh Nga | F25: 🌭 Xúc xích siêu phomai | G25: =I13 | H25: 15 | I25: 4 | K25: 11 | L25: 220000
A26: 25 | B26: 46104 | C26: Sáng | D26: XĐ CS | E26: NGHỈ BÁN | F26: Thanh cua trứng Mayo | K26: 0 | L26: 0
A27: 26 | B27: 46104 | C27: Sáng | D27: XĐ CS | E27: NGHỈ BÁN | F27: 🧀Pate phô mai kéo sợi | K27: 0 | L27: 0
A28: 27 | B28: 46104 | C28: Sáng | D28: XĐ CS | E28: NGHỈ BÁN | F28: 🐷Heo cao bồi xúc xích | K28: 0 | L28: 0
A29: 28 | B29: 46104 | C29: Sáng | D29: XĐ CS | E29: NGHỈ BÁN | F29: 🐔Gà tomyum | K29: 0 | L29: 0
A30: 29 | B30: 46104 | C30: Sáng | D30: XĐ CS | E30: NGHỈ BÁN | F30: 🐔 Gà teriyaki | K30: 0 | L30: 0
A31: 30 | B31: 46104 | C31: Sáng | D31: XĐ CS | E31: NGHỈ BÁN | F31: 🐮Bò BBQ | K31: 0 | L31: 0
A32: 31 | B32: 46104 | C32: Sáng | D32: XĐ CS | E32: NGHỈ BÁN | F32: 🦐Tôm đút lò | K32: 0 | L32: 0
A33: 32 | B33: 46104 | C33: Sáng | D33: XĐ CS | E33: NGHỈ BÁN | F33: 🎏Cá ngừ | K33: 0 | L33: 0
A34: 33 | B34: 46104 | C34: Sáng | D34: XĐ CS | E34: NGHỈ BÁN | F34: 🥘Chả cá xốt cay | K34: 0 | L34: 0
A35: 34 | B35: 46104 | C35: Sáng | D35: XĐ CS | E35: NGHỈ BÁN | F35: 🌮 Trứng xúc xích mayo | K35: 0 | L35: 0
A36: 35 | B36: 46104 | C36: Sáng | D36: XĐ CS | E36: NGHỈ BÁN | F36: 🍣Cá hồi mayo | K36: 0 | L36: 0
A37: 36 | B37: 46104 | C37: Sáng | D37: XĐ CS | E37: NGHỈ BÁN | F37: 🌭 Xúc xích siêu phomai | K37: 0 | L37: 0
A38: 37 | B38: 46104 | C38: Chiều | D38: XĐ CS | E38: Hoàng Vân Anh | F38: Thanh cua trứng Mayo | G38: =I26 | H38: 5 | I38: 1 | K38: 4 | L38: 80000
A39: 38 | B39: 46104 | C39: Chiều | D39: XĐ CS | E39: Hoàng Vân Anh | F39: 🧀Pate phô mai kéo sợi | G39: =I27 | H39: 2 | I39: 1 | K39: 1 | L39: 20000
A40: 39 | B40: 46104 | C40: Chiều | D40: XĐ CS | E40: Hoàng Vân Anh | F40: 🐷Heo cao bồi xúc xích | G40: =I28 | H40: 2 | I40: 2 | K40: 0 | L40: 0
A41: 40 | B41: 46104 | C41: Chiều | D41: XĐ CS | E41: Hoàng Vân Anh | F41: 🐔Gà tomyum | G41: =I29 | H41: 3 | K41: 3 | L41: 60000
A42: 41 | B42: 46104 | C42: Chiều | D42: XĐ CS | E42: Hoàng Vân Anh | F42: 🐔 Gà teriyaki | G42: =I30 | H42: 3 | K42: 3 | L42: 60000
A43: 42 | B43: 46104 | C43: Chiều | D43: XĐ CS | E43: Hoàng Vân Anh | F43: 🐮Bò BBQ | G43: =I31 | H43: 5 | I43: 2 | K43: 3 | L43: 60000
A44: 43 | B44: 46104 | C44: Chiều | D44: XĐ CS | E44: Hoàng Vân Anh | F44: 🦐Tôm đút lò | G44: =I32 | H44: 3 | I44: 2 | K44: 1 | L44: 20000
A45: 44 | B45: 46104 | C45: Chiều | D45: XĐ CS | E45: Hoàng Vân Anh | F45: 🎏Cá ngừ | G45: =I33 | H45: 2 | I45: 1 | K45: 1 | L45: 20000
A46: 45 | B46: 46104 | C46: Chiều | D46: XĐ CS | E46: Hoàng Vân Anh | F46: 🥘Chả cá xốt cay | G46: =I34 | H46: 2 | I46: 2 | K46: 0 | L46: 0
A47: 46 | B47: 46104 | C47: Chiều | D47: XĐ CS | E47: Hoàng Vân Anh | F47: 🌮 Trứng xúc xích mayo | G47: =I35 | H47: 3 | I47: 3 | K47: 0 | L47: 0
A48: 47 | B48: 46104 | C48: Chiều | D48: XĐ CS | E48: Hoàng Vân Anh | F48: 🍣Cá hồi mayo | G48: =I36 | H48: 1 | K48: 1 | L48: 22000
A49: 48 | B49: 46104 | C49: Chiều | D49: XĐ CS | E49: Hoàng Vân Anh | F49: 🌭 Xúc xích siêu phomai | G49: =I37 | H49: 29 | I49: 14 | K49: 15 | L49: 300000
A50: 49 | B50: 46104 | C50: Sáng | D50: XL | E50: Ngọc Minh | F50: Thanh cua trứng Mayo | H50: 5 | K50: 5 | L50: 100000
A51: 50 | B51: 46104 | C51: Sáng | D51: XL | E51: Ngọc Minh | F51: 🧀Pate phô mai kéo sợi | H51: 3 | K51: 3 | L51: 60000
A52: 51 | B52: 46104 | C52: Sáng | D52: XL | E52: Ngọc Minh | F52: 🐷Heo cao bồi xúc xích | H52: 2 | K52: 2 | L52: 40000
A53: 52 | B53: 46104 | C53: Sáng | D53: XL | E53: Ngọc Minh | F53: 🐔Gà tomyum | H53: 4 | K53: 4 | L53: 80000
A54: 53 | B54: 46104 | C54: Sáng | D54: XL | E54: Ngọc Minh | F54: 🐔 Gà teriyaki | H54: 5 | I54: 1 | K54: 4 | L54: 80000
A55: 54 | B55: 46104 | C55: Sáng | D55: XL | E55: Ngọc Minh | F55: 🐮Bò BBQ | H55: 5 | K55: 5 | L55: 100000
A56: 55 | B56: 46104 | C56: Sáng | D56: XL | E56: Ngọc Minh | F56: 🦐Tôm đút lò | H56: 4 | I56: 1 | K56: 3 | L56: 60000
A57: 56 | B57: 46104 | C57: Sáng | D57: XL | E57: Ngọc Minh | F57: 🎏Cá ngừ | H57: 2 | K57: 2 | L57: 40000
A58: 57 | B58: 46104 | C58: Sáng | D58: XL | E58: Ngọc Minh | F58: 🥘Chả cá xốt cay | H58: 3 | K58: 3 | L58: 60000
A59: 58 | B59: 46104 | C59: Sáng | D59: XL | E59: Ngọc Minh | F59: 🌮 Trứng xúc xích mayo | H59: 4 | I59: 1 | K59: 3 | L59: 60000
A60: 59 | B60: 46104 | C60: Sáng | D60: XL | E60: Ngọc Minh | F60: 🍣Cá hồi mayo | H60: 3 | K60: 3 | L60: 66000
A61: 60 | B61: 46104 | C61: Sáng | D61: XL | E61: Ngọc Minh | F61: 🌭 Xúc xích siêu phomai | H61: 35 | I61: 3 | K61: 32 | L61: 640000
A62: 61 | B62: 46104 | C62: Chiều | D62: XL | E62: Ngọc Minh | F62: Thanh cua trứng Mayo | G62: =I50 | H62: 5 | I62: 2 | K62: 3 | L62: 60000
A63: 62 | B63: 46104 | C63: Chiều | D63: XL | E63: Ngọc Minh | F63: 🧀Pate phô mai kéo sợi | G63: =I51 | H63: 2 | K63: 2 | L63: 40000
A64: 63 | B64: 46104 | C64: Chiều | D64: XL | E64: Ngọc Minh | F64: 🐷Heo cao bồi xúc xích | G64: =I52 | H64: 2 | K64: 2 | L64: 40000
A65: 64 | B65: 46104 | C65: Chiều | D65: XL | E65: Ngọc Minh | F65: 🐔Gà tomyum | G65: =I53 | H65: 3 | I65: 1 | K65: 2 | L65: 40000
A66: 65 | B66: 46104 | C66: Chiều | D66: XL | E66: Ngọc Minh | F66: 🐔 Gà teriyaki | G66: =I54 -> 1 | H66: 2 | I66: 1 | K66: 2 | L66: 40000
A67: 66 | B67: 46104 | C67: Chiều | D67: XL | E67: Ngọc Minh | F67: 🐮Bò BBQ | G67: =I55 | H67: 5 | I67: 1 | K67: 4 | L67: 80000
A68: 67 | B68: 46104 | C68: Chiều | D68: XL | E68: Ngọc Minh | F68: 🦐Tôm đút lò | G68: =I56 -> 1 | H68: 1 | K68: 2 | L68: 40000
A69: 68 | B69: 46104 | C69: Chiều | D69: XL | E69: Ngọc Minh | F69: 🎏Cá ngừ | G69: =I57 | K69: 0 | L69: 0
A70: 69 | B70: 46104 | C70: Chiều | D70: XL | E70: Ngọc Minh | F70: 🥘Chả cá xốt cay | G70: =I58 | H70: 2 | K70: 2 | L70: 40000
A71: 70 | B71: 46104 | C71: Chiều | D71: XL | E71: Ngọc Minh | F71: 🌮 Trứng xúc xích mayo | G71: =I59 -> 1 | H71: 2 | I71: 1 | K71: 2 | L71: 40000
A72: 71 | B72: 46104 | C72: Chiều | D72: XL | E72: Ngọc Minh | F72: 🍣Cá hồi mayo | G72: =I60 | K72: 0 | L72: 0
A73: 72 | B73: 46104 | C73: Chiều | D73: XL | E73: Ngọc Minh | F73: 🌭 Xúc xích siêu phomai | G73: =I61 -> 3 | H73: 17 | I73: 2 | K73: 18 | L73: 360000
A74: 73 | B74: 46104 | C74: Sáng | D74: VTD | E74: CT | F74: Thanh cua trứng Mayo | H74: 6 | K74: 6 | L74: 120000
A75: 74 | B75: 46104 | C75: Sáng | D75: VTD | E75: CT | F75: 🧀Pate phô mai kéo sợi | H75: 4 | K75: 4 | L75: 80000
A76: 75 | B76: 46104 | C76: Sáng | D76: VTD | E76: CT | F76: 🐷Heo cao bồi xúc xích | H76: 4 | K76: 4 | L76: 80000
A77: 76 | B77: 46104 | C77: Sáng | D77: VTD | E77: CT | F77: 🐔Gà tomyum | H77: 5 | K77: 5 | L77: 100000
A78: 77 | B78: 46104 | C78: Sáng | D78: VTD | E78: CT | F78: 🐔 Gà teriyaki | H78: 6 | K78: 6 | L78: 120000
A79: 78 | B79: 46104 | C79: Sáng | D79: VTD | E79: CT | F79: 🐮Bò BBQ | H79: 6 | K79: 6 | L79: 120000
A80: 79 | B80: 46104 | C80: Sáng | D80: VTD | E80: CT | F80: 🦐Tôm đút lò | H80: 5 | K80: 5 | L80: 100000
A81: 80 | B81: 46104 | C81: Sáng | D81: VTD | E81: CT | F81: 🎏Cá ngừ | H81: 3 | K81: 3 | L81: 60000
A82: 81 | B82: 46104 | C82: Sáng | D82: VTD | E82: CT | F82: 🥘Chả cá xốt cay | H82: 2 | K82: 2 | L82: 40000
A83: 82 | B83: 46104 | C83: Sáng | D83: VTD | E83: CT | F83: 🌮 Trứng xúc xích mayo | H83: 5 | K83: 5 | L83: 100000
A84: 83 | B84: 46104 | C84: Sáng | D84: VTD | E84: CT | F84: 🍣Cá hồi mayo | H84: 3 | K84: 3 | L84: 66000
A85: 84 | B85: 46104 | C85: Sáng | D85: VTD | E85: CT | F85: 🌭 Xúc xích siêu phomai | H85: 40 | K85: 40 | L85: 800000
A86: 85 | B86: 46104 | C86: Chiều | D86: VTD | E86: Phùng Hà My | F86: Thanh cua trứng Mayo | G86: =I74 | H86: 5 | I86: 1 | K86: 4 | L86: 80000
A87: 86 | B87: 46104 | C87: Chiều | D87: VTD | E87: Phùng Hà My | F87: 🧀Pate phô mai kéo sợi | G87: =I75 | H87: 2 | K87: 2 | L87: 40000
A88: 87 | B88: 46104 | C88: Chiều | D88: VTD | E88: Phùng Hà My | F88: 🐷Heo cao bồi xúc xích | G88: =I76 | H88: 2 | K88: 2 | L88: 40000
A89: 88 | B89: 46104 | C89: Chiều | D89: VTD | E89: Phùng Hà My | F89: 🐔Gà tomyum | G89: =I77 | H89: 3 | K89: 3 | L89: 60000
A90: 89 | B90: 46104 | C90: Chiều | D90: VTD | E90: Phùng Hà My | F90: 🐔 Gà teriyaki | G90: =I78 | H90: 3 | K90: 3 | L90: 60000
A91: 90 | B91: 46104 | C91: Chiều | D91: VTD | E91: Phùng Hà My | F91: 🐮Bò BBQ | G91: =I79 | H91: 5 | K91: 5 | L91: 100000
A92: 91 | B92: 46104 | C92: Chiều | D92: VTD | E92: Phùng Hà My | F92: 🦐Tôm đút lò | G92: =I80 | H92: 4 | K92: 4 | L92: 80000
A93: 92 | B93: 46104 | C93: Chiều | D93: VTD | E93: Phùng Hà My | F93: 🎏Cá ngừ | G93: =I81 | K93: 0 | L93: 0
A94: 93 | B94: 46104 | C94: Chiều | D94: VTD | E94: Phùng Hà My | F94: 🥘Chả cá xốt cay | G94: =I82 | H94: 1 | K94: 1 | L94: 20000
A95: 94 | B95: 46104 | C95: Chiều | D95: VTD | E95: Phùng Hà My | F95: 🌮 Trứng xúc xích mayo | G95: =I83 | H95: 2 | K95: 2 | L95: 40000
A96: 95 | B96: 46104 | C96: Chiều | D96: VTD | E96: Phùng Hà My | F96: 🍣Cá hồi mayo | G96: =I84 | H96: 2 | K96: 2 | L96: 44000
A97: 96 | B97: 46104 | C97: Chiều | D97: VTD | E97: Phùng Hà My | F97: 🌭 Xúc xích siêu phomai | G97: =I85 | H97: 20 | K97: 20 | L97: 400000
A98: 97 | C98: Sáng | D98: CN B | E98: NGHỈ BÁN | F98: Thanh cua trứng Mayo | K98: 0 | L98: 0
A99: 98 | C99: Sáng | D99: CN B | E99: NGHỈ BÁN | F99: 🧀Pate phô mai kéo sợi | K99: 0 | L99: 0
A100: 99 | C100: Sáng | D100: CN B | E100: NGHỈ BÁN | F100: 🐷Heo cao bồi xúc xích | K100: 0 | L100: 0
...

Sheet Lương&Thưởng
A1: STT | B1: Tên NV | C1: Trạng thái | D1: Tổng Ca Làm
B2: Phùng Hà My | C2: CT | D2: =COUNTIF('Nhật ký bán hàng T3'!E:E, B2) -> 59
B3: Ninh Thị Diệu Anh | C3: CT
B4: Hoàng Vân Anh | C4: CT
B5: Nguyễn Ánh Hồng | C5: CT
B6: Dương Tuấn Định | C6: CT
B7: Trịnh Thị Ngọc Minh | C7: CT
B8: Lưu Quỳnh Nga | C8: CT
B9: Ngọc Ánh | C9: CT
B10: Tạ Thị Ngọc Hà | C10: CT
B11: Lưu Thị Mỹ Duyên | C11: CT
B12: Nguyễn Thị Kim Ngân | C12: HV
B13: Nguyễn Thị Chúc An | C13: HV
B14: Lưu Doãn Hoài Nam | C14: HV
